员工号,年龄,部门,学历,年龄分段,性别,月收入
E000001,41,销售,专科,40-49,女,5993
E000002,49,行政,高中,40-49,男,5130
E000003,37,人力资源,专科,30-39,男,2090
E000004,33,市场拓展,硕士,30-39,女,2909
E000005,27,工程,高中,20-29,男,3468
E000006,32,人力资源,专科,30-39,男,3068
E000007,59,市场拓展,本科,>=50,女,2670
E000008,30,后勤,高中,30-39,男,2693
E000009,38,市场拓展,本科,30-39,男,9526
E000010,36,行政,本科,30-39,男,5237
E000011,35,市场拓展,本科,30-39,男,2426
E000012,29,市场拓展,专科,20-29,女,4193
E000013,31,市场拓展,高中,30-39,男,2911
E000014,34,市场拓展,专科,30-39,男,2661
E000015,28,行政,本科,20-29,男,2028
E000016,29,市场拓展,硕士,20-29,女,9980
E000017,32,市场拓展,专科,30-39,男,3298
E000018,22,财务,专科,20-29,男,2935
E000019,53,销售,硕士,>=50,女,15427
E000020,38,市场拓展,本科,30-39,男,3944
E000021,24,行政,专科,20-29,女,4011
E000022,36,销售,硕士,30-39,男,3407
E000023,34,市场拓展,硕士,30-39,女,11994
E000024,21,市场拓展,专科,20-29,男,1232
E000025,34,市场拓展,高中,30-39,男,2960
E000026,53,行政,本科,>=50,女,19094
E000027,32,市场拓展,高中,30-39,女,3919
E000028,42,销售,硕士,40-49,男,6825
E000029,44,市场拓展,硕士,40-49,女,10248
E000030,46,销售,硕士,40-49,女,18947
E000031,33,市场拓展,本科,30-39,男,2496
E000032,44,市场拓展,硕士,40-49,男,6465
E000033,30,行政,专科,30-39,男,2206
E000034,39,销售,本科,30-39,男,2086
E000035,24,市场拓展,本科,20-29,男,2293
E000036,43,市场拓展,专科,40-49,女,2645
E000037,50,销售,专科,>=50,男,2683
E000038,35,销售,本科,30-39,女,2014
E000039,36,市场拓展,硕士,30-39,女,3419
E000040,33,销售,本科,30-39,女,5376
E000041,35,市场拓展,专科,30-39,男,1951
E000042,27,行政,硕士,20-29,女,2341
E000043,26,市场拓展,本科,20-29,男,2293
E000044,27,销售,本科,20-29,男,8726
E000045,30,市场拓展,专科,30-39,女,4011
E000046,41,市场拓展,本科,40-49,女,19545
E000047,34,销售,硕士,30-39,男,4568
E000048,37,市场拓展,专科,30-39,男,3022
E000049,46,销售,硕士,40-49,男,5772
E000050,35,行政,高中,30-39,男,2269
E000051,48,市场拓展,专科,40-49,男,5381
E000052,28,市场拓展,硕士,20-29,男,3441
E000053,44,销售,博士,40-49,女,5454
E000054,35,行政,专科,30-39,男,9884
E000055,26,销售,本科,20-29,女,4157
E000056,33,市场拓展,专科,30-39,女,13458
E000057,35,销售,博士,30-39,男,9069
E000058,35,市场拓展,硕士,30-39,女,4014
E000059,31,市场拓展,硕士,30-39,男,5915
E000060,37,市场拓展,硕士,30-39,男,5993
E000061,32,行政,本科,30-39,男,6162
E000062,38,市场拓展,博士,30-39,女,2406
E000063,50,市场拓展,专科,>=50,女,18740
E000064,59,销售,本科,>=50,女,7637
E000065,36,财务,本科,30-39,女,10096
E000066,55,市场拓展,本科,>=50,女,14756
E000067,36,市场拓展,本科,30-39,男,6499
E000068,45,市场拓展,本科,40-49,男,9724
E000069,35,行政,本科,30-39,男,2194
E000070,36,市场拓展,本科,30-39,男,3388
E000071,59,销售,高中,>=50,女,5473
E000072,29,市场拓展,本科,20-29,男,2703
E000073,31,行政,硕士,30-39,男,2501
E000074,32,市场拓展,本科,30-39,男,6220
E000075,36,市场拓展,本科,30-39,女,3038
E000076,31,市场拓展,硕士,30-39,女,4424
E000077,35,销售,硕士,30-39,男,4312
E000078,45,市场拓展,硕士,40-49,男,13245
E000079,37,市场拓展,硕士,30-39,男,13664
E000080,46,人力资源,专科,40-49,男,5021
E000081,30,市场拓展,高中,30-39,男,5126
E000082,35,市场拓展,本科,30-39,男,2859
E000083,55,销售,专科,>=50,男,10239
E000084,38,市场拓展,本科,30-39,女,5329
E000085,34,行政,专科,30-39,男,4325
E000086,56,市场拓展,本科,>=50,男,7260
E000087,23,销售,高中,20-29,男,2322
E000088,51,市场拓展,硕士,>=50,男,2075
E000089,30,市场拓展,本科,30-39,男,4152
E000090,46,销售,专科,40-49,男,9619
E000091,40,市场拓展,硕士,40-49,男,13503
E000092,51,销售,硕士,>=50,男,5441
E000093,30,销售,专科,30-39,女,5209
E000094,46,市场拓展,本科,40-49,男,10673
E000095,32,销售,硕士,30-39,男,5010
E000096,54,市场拓展,硕士,>=50,女,13549
E000097,24,销售,专科,20-29,女,4999
E000098,28,销售,本科,20-29,男,4221
E000099,58,销售,硕士,>=50,男,13872
E000100,44,市场拓展,本科,40-49,男,2042
E000101,37,人力资源,硕士,30-39,男,2073
E000102,32,市场拓展,高中,30-39,男,2956
E000103,20,市场拓展,本科,20-29,女,2926
E000104,34,市场拓展,硕士,30-39,女,4809
E000105,37,市场拓展,专科,30-39,男,5163
E000106,59,人力资源,硕士,>=50,女,18844
E000107,50,财务,本科,>=50,女,18172
E000108,25,销售,本科,20-29,男,5744
E000109,25,市场拓展,高中,20-29,男,2889
E000110,22,市场拓展,本科,20-29,女,2871
E000111,51,市场拓展,硕士,>=50,女,7484
E000112,34,市场拓展,本科,30-39,男,6074
E000113,54,人力资源,本科,>=50,女,17328
E000114,24,财务,高中,20-29,男,2774
E000115,34,财务,硕士,30-39,女,4505
E000116,37,销售,本科,30-39,男,7428
E000117,34,财务,本科,30-39,女,11631
E000118,36,销售,专科,30-39,女,9738
E000119,36,财务,专科,30-39,女,2835
E000120,43,销售,专科,40-49,男,16959
E000121,30,财务,本科,30-39,男,2613
E000122,33,销售,专科,30-39,男,6146
E000123,56,财务,硕士,>=50,女,4963
E000124,51,财务,本科,>=50,男,19537
E000125,31,销售,硕士,30-39,男,6172
E000126,26,财务,本科,20-29,女,2368
E000127,58,财务,硕士,>=50,女,10312
E000128,21,销售,高中,20-29,男,1675
E000129,22,财务,高中,20-29,男,2523
E000130,49,财务,硕士,40-49,女,6567
E000131,43,财务,本科,40-49,女,4739
E000132,50,销售,本科,>=50,女,9208
E000133,31,销售,本科,30-39,女,4559
E000134,41,销售,高中,40-49,男,8189
E000135,26,人力资源,高中,20-29,女,2942
E000136,36,财务,专科,30-39,男,4941
E000137,51,财务,硕士,>=50,男,10650
E000138,39,销售,硕士,30-39,女,5902
E000139,25,销售,本科,20-29,男,8639
E000140,30,人力资源,本科,30-39,男,6347
E000141,32,财务,本科,30-39,女,4200
E000142,45,财务,本科,40-49,男,3452
E000143,38,财务,博士,30-39,女,4317
E000144,30,财务,本科,30-39,女,2632
E000145,32,销售,专科,30-39,男,4668
E000146,30,财务,本科,30-39,女,3204
E000147,30,财务,高中,30-39,男,2720
E000148,41,财务,本科,40-49,男,17181
E000149,41,财务,硕士,40-49,男,2238
E000150,22,财务,高中,20-29,女,1483
E000151,40,财务,本科,40-49,女,5605
E000152,35,销售,博士,30-39,男,7295
E000153,53,销售,专科,>=50,男,2306
E000154,45,财务,本科,40-49,男,2348
E000155,32,销售,本科,30-39,女,8998
E000156,29,财务,高中,20-29,男,4319
E000157,51,财务,硕士,>=50,男,6132
E000158,58,财务,本科,>=50,女,3346
E000159,40,销售,硕士,40-49,男,10855
E000160,34,销售,硕士,30-39,女,2231
E000161,22,财务,高中,20-29,男,2323
E000162,27,市场拓展,本科,20-29,男,2024
E000163,28,财务,本科,20-29,男,2713
E000164,57,市场拓展,专科,>=50,男,9439
E000165,27,财务,本科,20-29,男,2566
E000166,50,市场拓展,本科,>=50,女,19926
E000167,41,市场拓展,本科,40-49,男,2451
E000168,30,销售,本科,30-39,女,9419
E000169,38,销售,硕士,30-39,女,8686
E000170,32,市场拓展,博士,30-39,男,3038
E000171,27,市场拓展,本科,20-29,男,3058
E000172,21,销售,高中,20-29,女,2325
E000173,22,市场拓展,专科,30-39,男,2088
E000174,30,市场拓展,本科,30-39,男,3072
E000175,45,销售,专科,40-49,女,5006
E000176,56,市场拓展,本科,>=50,女,4257
E000177,33,市场拓展,本科,30-39,男,2500
E000178,23,市场拓展,本科,20-29,男,1102
E000179,46,销售,专科,40-49,女,10453
E000180,38,市场拓展,专科,30-39,女,2288
E000181,31,市场拓展,高中,30-39,女,3929
E000182,34,市场拓展,专科,30-39,女,2311
E000183,41,销售,专科,40-49,女,3140
E000184,50,市场拓展,本科,>=50,男,3690
E000185,53,市场拓展,专科,>=50,女,4450
E000186,33,财务,本科,30-39,女,2756
E000187,40,市场拓展,高中,40-49,女,19033
E000188,55,财务,硕士,>=50,男,18722
E000189,34,市场拓展,高中,30-39,男,9547
E000190,51,财务,本科,>=50,女,13734
E000191,52,市场拓展,硕士,>=50,男,19999
E000192,27,市场拓展,本科,20-29,女,2279
E000193,35,市场拓展,专科,30-39,男,5916
E000194,43,市场拓展,本科,40-49,男,2089
E000195,45,市场拓展,专科,40-49,男,16792
E000196,37,财务,本科,30-39,男,3564
E000197,35,市场拓展,本科,30-39,女,4425
E000198,42,市场拓展,专科,40-49,女,5265
E000199,38,财务,硕士,30-39,男,6553
E000200,38,市场拓展,本科,30-39,男,6261
E000201,27,财务,高中,20-29,男,4298
E000202,49,市场拓展,硕士,40-49,男,6804
E000203,34,市场拓展,硕士,30-39,男,3815
E000204,40,市场拓展,专科,40-49,男,2741
E000205,38,市场拓展,高中,30-39,男,6673
E000206,29,销售,本科,20-29,女,7639
E000207,22,市场拓展,本科,20-29,男,2328
E000208,36,市场拓展,高中,30-39,女,2153
E000209,40,市场拓展,博士,40-49,男,4876
E000210,46,市场拓展,硕士,40-49,男,9396
E000211,32,销售,硕士,30-39,男,10400
E000212,30,财务,高中,30-39,男,8474
E000213,27,销售,本科,20-29,女,9981
E000214,51,市场拓展,硕士,>=50,男,12490
E000215,30,财务,本科,30-39,女,2657
E000216,41,销售,本科,40-49,女,13591
E000217,30,销售,硕士,30-39,女,6696
E000218,29,市场拓展,本科,20-29,男,2058
E000219,45,销售,本科,40-49,女,8865
E000220,54,销售,本科,>=50,女,5940
E000221,36,市场拓展,专科,30-39,男,5914
E000222,33,市场拓展,硕士,30-39,女,2622
E000223,37,市场拓展,本科,30-39,男,12185
E000224,38,销售,本科,30-39,男,10609
E000225,31,市场拓展,硕士,30-39,男,4345
E000226,59,市场拓展,本科,>=50,男,2177
E000227,37,销售,硕士,30-39,男,2793
E000228,29,销售,高中,20-29,女,7918
E000229,35,销售,本科,30-39,女,8789
E000230,29,市场拓展,高中,20-29,男,2389
E000231,52,市场拓展,本科,>=50,女,3212
E000232,42,市场拓展,专科,40-49,男,19232
E000233,59,人力资源,专科,>=50,男,2267
E000234,50,销售,硕士,>=50,女,19517
E000235,33,财务,本科,30-39,男,2436
E000236,43,销售,本科,40-49,女,16064
E000237,33,财务,专科,30-39,女,2707
E000238,52,销售,硕士,>=50,男,19068
E000239,32,销售,专科,30-39,女,3931
E000240,32,财务,本科,30-39,男,3730
E000241,39,市场拓展,硕士,30-39,女,2232
E000242,32,销售,硕士,30-39,男,4465
E000243,41,市场拓展,专科,40-49,男,3072
E000244,40,市场拓展,专科,40-49,男,3319
E000245,45,财务,本科,40-49,男,19202
E000246,31,市场拓展,硕士,30-39,男,13675
E000247,33,市场拓展,硕士,30-39,女,2911
E000248,34,市场拓展,硕士,30-39,男,5957
E000249,37,财务,专科,30-39,女,3920
E000250,45,市场拓展,硕士,40-49,男,6434
E000251,37,市场拓展,本科,30-39,男,10048
E000252,39,市场拓展,硕士,30-39,女,10938
E000253,29,市场拓展,本科,20-29,男,2340
E000254,42,市场拓展,专科,40-49,女,6545
E000255,29,销售,专科,20-29,男,6931
E000256,25,市场拓展,本科,20-29,女,4898
E000257,42,财务,本科,40-49,女,2593
E000258,40,市场拓展,专科,40-49,男,19436
E000259,51,市场拓展,本科,>=50,男,2723
E000260,31,市场拓展,专科,30-39,男,3479
E000261,32,财务,本科,30-39,男,2794
E000262,38,销售,专科,30-39,男,5249
E000263,32,市场拓展,高中,30-39,男,2176
E000264,46,销售,本科,40-49,女,16872
E000265,28,财务,硕士,20-29,男,3485
E000266,29,销售,本科,20-29,男,6644
E000267,31,市场拓展,本科,30-39,男,5582
E000268,25,市场拓展,专科,20-29,男,4000
E000269,45,市场拓展,专科,40-49,男,13496
E000270,36,市场拓展,本科,30-39,男,3210
E000271,55,市场拓展,本科,>=50,男,19045
E000272,47,市场拓展,硕士,40-49,男,11849
E000273,28,财务,本科,20-29,男,2070
E000274,37,销售,硕士,30-39,男,6502
E000275,21,市场拓展,专科,20-29,男,3230
E000276,37,市场拓展,硕士,30-39,女,13603
E000277,35,财务,本科,30-39,女,11996
E000278,38,销售,专科,30-39,女,5605
E000279,26,市场拓展,本科,20-29,女,6397
E000280,50,市场拓展,高中,>=50,男,19144
E000281,53,市场拓展,硕士,>=50,男,17584
E000282,42,销售,高中,40-49,男,4907
E000283,29,销售,专科,20-29,男,4554
E000284,55,市场拓展,专科,>=50,男,5415
E000285,26,市场拓展,专科,20-29,男,4741
E000286,37,市场拓展,本科,30-39,女,2115
E000287,44,市场拓展,本科,40-49,男,3161
E000288,38,市场拓展,硕士,30-39,男,5745
E000289,26,市场拓展,硕士,20-29,男,2373
E000290,28,市场拓展,专科,20-29,女,3310
E000291,49,市场拓展,硕士,40-49,女,18665
E000292,36,市场拓展,本科,30-39,男,4485
E000293,31,销售,本科,30-39,女,2789
E000294,26,销售,硕士,20-29,男,5828
E000295,37,市场拓展,本科,30-39,男,2326
E000296,42,销售,本科,40-49,女,13525
E000297,25,市场拓展,本科,20-29,男,1420
E000298,35,销售,本科,30-39,男,8020
E000299,36,市场拓展,硕士,30-39,男,3688
E000300,51,市场拓展,本科,>=50,男,5482
E000301,41,销售,硕士,40-49,男,16015
E000302,25,销售,本科,20-29,女,1200
E000303,28,市场拓展,专科,20-29,男,5661
E000304,31,销售,本科,30-39,男,6929
E000305,39,市场拓展,本科,30-39,男,9613
E000306,36,市场拓展,硕士,30-39,女,5674
E000307,32,销售,本科,30-39,男,5484
E000308,38,市场拓展,专科,30-39,女,12061
E000309,58,市场拓展,硕士,>=50,男,5660
E000310,31,市场拓展,硕士,30-39,男,4821
E000311,31,人力资源,本科,30-39,男,6410
E000312,45,市场拓展,本科,40-49,男,5210
E000313,31,市场拓展,硕士,30-39,男,2695
E000314,33,市场拓展,硕士,30-39,女,11878
E000315,39,市场拓展,高中,30-39,男,17068
E000316,43,市场拓展,硕士,40-49,女,2455
E000317,49,市场拓展,专科,40-49,女,13964
E000318,52,市场拓展,硕士,>=50,男,4941
E000319,27,市场拓展,本科,20-29,女,2478
E000320,32,销售,专科,30-39,女,5228
E000321,27,销售,本科,20-29,男,4478
E000322,31,销售,本科,30-39,男,7547
E000323,32,市场拓展,硕士,30-39,女,5055
E000324,28,市场拓展,硕士,20-29,男,3464
E000325,30,市场拓展,专科,30-39,女,5775
E000326,31,市场拓展,专科,30-39,女,8943
E000327,39,市场拓展,专科,30-39,男,19272
E000328,39,销售,专科,30-39,女,5238
E000329,33,销售,本科,30-39,男,4682
E000330,47,市场拓展,博士,40-49,男,18300
E000331,43,市场拓展,硕士,40-49,女,5257
E000332,27,销售,高中,20-29,男,6349
E000333,54,市场拓展,硕士,>=50,女,4869
E000334,43,市场拓展,本科,40-49,女,9985
E000335,45,市场拓展,硕士,40-49,男,3697
E000336,40,销售,专科,40-49,男,7457
E000337,29,市场拓展,硕士,20-29,男,2119
E000338,29,市场拓展,博士,20-29,男,3983
E000339,30,销售,本科,30-39,女,6118
E000340,27,销售,硕士,20-29,女,6214
E000341,37,市场拓展,专科,30-39,男,6347
E000342,38,市场拓展,专科,30-39,男,11510
E000343,31,市场拓展,硕士,30-39,女,7143
E000344,29,销售,高中,20-29,女,8268
E000345,35,市场拓展,硕士,30-39,男,8095
E000346,23,市场拓展,高中,20-29,男,2904
E000347,41,市场拓展,本科,40-49,男,6032
E000348,47,销售,高中,40-49,男,2976
E000349,42,市场拓展,博士,40-49,女,15992
E000350,29,销售,本科,20-29,男,4649
E000351,42,人力资源,高中,40-49,男,2696
E000352,32,市场拓展,本科,30-39,女,2370
E000353,48,销售,高中,40-49,女,12504
E000354,37,市场拓展,本科,30-39,男,5974
E000355,30,销售,专科,30-39,女,4736
E000356,26,销售,本科,20-29,男,5296
E000357,42,市场拓展,硕士,40-49,男,6781
E000358,21,销售,高中,20-29,女,2174
E000359,36,销售,博士,30-39,女,6653
E000360,36,销售,硕士,30-39,男,9699
E000361,57,市场拓展,硕士,>=50,男,6755
E000362,40,市场拓展,硕士,40-49,女,2213
E000363,21,销售,专科,20-29,男,2610
E000364,33,销售,本科,30-39,女,2851
E000365,37,市场拓展,本科,30-39,女,3452
E000366,46,市场拓展,硕士,40-49,女,5258
E000367,41,销售,本科,40-49,男,9355
E000368,50,市场拓展,本科,>=50,男,10496
E000369,40,销售,专科,40-49,男,6380
E000370,31,市场拓展,硕士,30-39,男,2657
E000371,21,销售,本科,20-29,女,2716
E000372,29,市场拓展,本科,20-29,男,2201
E000373,35,市场拓展,硕士,30-39,男,6540
E000374,27,市场拓展,专科,20-29,男,3816
E000375,28,销售,硕士,20-29,男,5253
E000376,49,市场拓展,本科,40-49,男,10965
E000377,51,销售,专科,>=50,女,4936
E000378,36,市场拓展,本科,30-39,女,2543
E000379,34,销售,本科,30-39,男,5304
E000380,55,市场拓展,本科,>=50,女,16659
E000381,24,销售,硕士,20-29,女,4260
E000382,30,销售,高中,30-39,男,2476
E000383,26,市场拓展,高中,20-29,男,3102
E000384,22,市场拓展,本科,20-29,女,2244
E000385,36,销售,专科,30-39,男,7596
E000386,30,市场拓展,本科,30-39,男,2285
E000387,37,市场拓展,本科,30-39,女,3034
E000388,40,销售,专科,40-49,女,5715
E000389,42,市场拓展,硕士,40-49,女,2576
E000390,37,市场拓展,硕士,30-39,男,4197
E000391,43,市场拓展,本科,40-49,男,14336
E000392,40,市场拓展,本科,40-49,女,3448
E000393,54,市场拓展,专科,>=50,男,19406
E000394,34,销售,硕士,30-39,女,6538
E000395,31,市场拓展,专科,30-39,女,4306
E000396,43,市场拓展,本科,40-49,男,2258
E000397,43,市场拓展,硕士,40-49,女,4522
E000398,25,销售,专科,20-29,女,4487
E000399,37,市场拓展,博士,30-39,女,4449
E000400,31,市场拓展,专科,30-39,男,2218
E000401,39,市场拓展,高中,30-39,男,19197
E000402,56,销售,本科,>=50,女,13212
E000403,30,销售,本科,30-39,女,6577
E000404,41,销售,本科,40-49,男,8392
E000405,28,市场拓展,专科,20-29,男,4558
E000406,25,市场拓展,本科,20-29,男,4031
E000407,52,市场拓展,本科,>=50,男,7969
E000408,45,市场拓展,专科,40-49,男,2654
E000409,52,市场拓展,专科,>=50,女,16555
E000410,42,市场拓展,专科,40-49,女,4556
E000411,30,市场拓展,本科,30-39,女,6091
E000412,60,市场拓展,本科,>=50,女,19566
E000413,46,市场拓展,本科,40-49,女,4810
E000414,42,市场拓展,硕士,40-49,女,4523
E000415,24,销售,高中,20-29,女,3202
E000416,34,销售,专科,30-39,女,2351
E000417,38,市场拓展,专科,30-39,男,1702
E000418,40,销售,硕士,40-49,女,18041
E000419,26,市场拓展,本科,20-29,女,2886
E000420,30,市场拓展,本科,30-39,男,2097
E000421,29,市场拓展,硕士,20-29,男,11935
E000422,29,市场拓展,博士,20-29,女,2546
E000423,23,人力资源,专科,20-29,男,2564
E000424,30,销售,硕士,30-39,女,8412
E000425,57,销售,本科,>=50,男,14118
E000426,50,市场拓展,硕士,>=50,男,17046
E000427,30,市场拓展,本科,30-39,女,2564
E000428,60,销售,本科,>=50,女,10266
E000429,47,市场拓展,专科,40-49,女,5070
E000430,46,市场拓展,本科,40-49,男,17861
E000431,35,市场拓展,本科,30-39,男,4230
E000432,54,市场拓展,硕士,>=50,女,3780
E000433,34,市场拓展,硕士,30-39,男,2768
E000434,46,销售,本科,40-49,女,9071
E000435,31,市场拓展,高中,30-39,男,10648
E000436,33,市场拓展,高中,30-39,男,13610
E000437,33,市场拓展,高中,30-39,男,3408
E000438,30,销售,高中,30-39,男,2983
E000439,35,市场拓展,本科,30-39,男,7632
E000440,31,市场拓展,本科,30-39,男,9824
E000441,34,人力资源,本科,30-39,女,9950
E000442,42,市场拓展,专科,40-49,男,2093
E000443,36,销售,硕士,30-39,男,9980
E000444,22,市场拓展,高中,20-29,男,3894
E000445,48,销售,博士,40-49,女,4051
E000446,55,销售,博士,>=50,女,16835
E000447,41,销售,专科,40-49,男,6230
E000448,35,销售,本科,30-39,男,4717
E000449,40,市场拓展,本科,40-49,女,13237
E000450,39,市场拓展,高中,30-39,女,3755
E000451,31,销售,高中,30-39,男,6582
E000452,42,市场拓展,本科,40-49,男,7406
E000453,45,销售,本科,40-49,男,4805
E000454,26,人力资源,硕士,20-29,女,2741
E000455,29,市场拓展,本科,20-29,男,4262
E000456,33,市场拓展,博士,30-39,女,16184
E000457,31,销售,本科,30-39,男,11557
E000458,24,销售,本科,20-29,男,1878
E000459,40,销售,本科,40-49,男,10932
E000460,41,市场拓展,硕士,40-49,女,6811
E000461,26,销售,专科,20-29,男,4306
E000462,35,销售,本科,30-39,女,4859
E000463,34,销售,硕士,30-39,男,5337
E000464,26,市场拓展,本科,20-29,男,2340
E000465,37,市场拓展,本科,30-39,女,7491
E000466,46,市场拓展,高中,40-49,女,10527
E000467,41,销售,博士,40-49,女,16595
E000468,37,销售,硕士,30-39,男,8834
E000469,52,市场拓展,专科,>=50,男,5577
E000470,32,销售,硕士,30-39,男,4707
E000471,24,销售,本科,20-29,男,2400
E000472,38,市场拓展,本科,30-39,女,9824
E000473,37,市场拓展,硕士,30-39,女,6447
E000474,49,市场拓展,硕士,40-49,男,19502
E000475,24,市场拓展,本科,20-29,男,2725
E000476,26,销售,专科,20-29,男,6272
E000477,24,市场拓展,专科,20-29,男,2127
E000478,50,人力资源,本科,>=50,男,18200
E000479,25,销售,高中,20-29,男,2096
E000480,24,市场拓展,本科,20-29,女,2886
E000481,30,销售,硕士,30-39,男,2033
E000482,34,市场拓展,专科,30-39,男,3622
E000483,31,销售,硕士,30-39,男,4233
E000484,35,市场拓展,专科,30-39,男,3681
E000485,31,销售,硕士,30-39,男,5460
E000486,27,市场拓展,硕士,20-29,女,2187
E000487,37,销售,本科,30-39,男,9602
E000488,20,市场拓展,本科,20-29,女,2836
E000489,42,市场拓展,硕士,40-49,女,4089
E000490,43,市场拓展,硕士,40-49,男,16627
E000491,38,市场拓展,高中,30-39,女,2619
E000492,43,市场拓展,博士,40-49,男,5679
E000493,48,市场拓展,硕士,40-49,女,15402
E000494,44,人力资源,硕士,40-49,女,5985
E000495,34,销售,本科,30-39,女,2579
E000496,27,销售,高中,20-29,男,3041
E000497,21,销售,高中,20-29,男,3447
E000498,44,市场拓展,硕士,40-49,男,19513
E000499,22,市场拓展,高中,20-29,男,2773
E000500,33,销售,硕士,30-39,男,7104
E000501,32,市场拓展,硕士,30-39,女,6322
E000502,30,市场拓展,本科,30-39,女,2083
E000503,53,销售,高中,>=50,女,8381
E000504,34,市场拓展,博士,30-39,男,2691
E000505,45,销售,硕士,40-49,女,4286
E000506,26,市场拓展,本科,20-29,女,2659
E000507,37,市场拓展,本科,30-39,男,9434
E000508,29,销售,专科,20-29,女,5561
E000509,35,市场拓展,硕士,30-39,男,6646
E000510,33,市场拓展,本科,30-39,男,7725
E000511,54,人力资源,硕士,>=50,男,10725
E000512,36,市场拓展,专科,30-39,男,8847
E000513,27,市场拓展,硕士,20-29,男,2045
E000514,20,市场拓展,高中,20-29,男,1009
E000515,33,市场拓展,本科,30-39,男,3348
E000516,35,市场拓展,本科,30-39,男,1281
E000517,23,市场拓展,本科,20-29,男,2819
E000518,25,销售,本科,20-29,男,4851
E000519,38,销售,硕士,30-39,女,4028
E000520,29,市场拓展,硕士,20-29,男,2720
E000521,48,销售,高中,40-49,男,8120
E000522,27,销售,高中,20-29,女,4647
E000523,37,市场拓展,专科,30-39,男,4680
E000524,50,市场拓展,高中,>=50,男,3221
E000525,34,市场拓展,本科,30-39,女,8621
E000526,24,销售,专科,20-29,女,4577
E000527,39,市场拓展,硕士,30-39,女,4553
E000528,32,销售,本科,30-39,男,5396
E000529,50,销售,专科,>=50,男,6796
E000530,38,市场拓展,硕士,30-39,女,7625
E000531,27,市场拓展,专科,20-29,女,7412
E000532,32,市场拓展,专科,30-39,女,11159
E000533,47,销售,硕士,40-49,男,4960
E000534,40,销售,硕士,40-49,男,10475
E000535,53,市场拓展,本科,>=50,男,14814
E000536,41,人力资源,硕士,40-49,男,19141
E000537,60,销售,硕士,>=50,男,5405
E000538,27,市场拓展,专科,20-29,男,8793
E000539,41,人力资源,本科,40-49,男,19189
E000540,50,销售,硕士,>=50,男,3875
E000541,28,市场拓展,专科,20-29,女,2216
E000542,36,市场拓展,本科,30-39,女,11713
E000543,38,市场拓展,本科,30-39,女,7861
E000544,44,市场拓展,本科,40-49,男,3708
E000545,47,销售,本科,40-49,女,13770
E000546,30,销售,博士,30-39,男,5304
E000547,29,销售,本科,20-29,男,2642
E000548,42,市场拓展,本科,40-49,男,2759
E000549,43,销售,本科,40-49,男,6804
E000550,34,市场拓展,专科,30-39,女,6142
E000551,23,市场拓展,高中,20-29,男,2500
E000552,39,人力资源,本科,30-39,女,6389
E000553,56,市场拓展,本科,>=50,男,11103
E000554,40,市场拓展,高中,40-49,女,2342
E000555,27,市场拓展,本科,20-29,女,6811
E000556,29,销售,本科,20-29,男,2297
E000557,53,市场拓展,本科,>=50,男,2450
E000558,35,市场拓展,硕士,30-39,女,5093
E000559,32,市场拓展,硕士,30-39,男,5309
E000560,38,市场拓展,博士,30-39,男,3057
E000561,34,市场拓展,博士,30-39,女,5121
E000562,52,销售,硕士,>=50,男,16856
E000563,33,市场拓展,硕士,30-39,男,2686
E000564,25,销售,高中,20-29,女,6180
E000565,45,销售,专科,40-49,男,6632
E000566,23,市场拓展,高中,20-29,男,3505
E000567,47,销售,专科,40-49,女,6397
E000568,34,销售,本科,30-39,男,6274
E000569,55,市场拓展,本科,>=50,男,19859
E000570,36,销售,硕士,30-39,男,7587
E000571,52,市场拓展,硕士,>=50,男,4258
E000572,26,市场拓展,专科,20-29,女,4364
E000573,29,市场拓展,本科,20-29,女,4335
E000574,26,销售,本科,20-29,男,5326
E000575,34,市场拓展,硕士,30-39,女,3280
E000576,54,市场拓展,硕士,>=50,女,5485
E000577,27,销售,高中,20-29,男,4342
E000578,37,市场拓展,高中,30-39,女,2782
E000579,38,市场拓展,硕士,30-39,女,5980
E000580,34,市场拓展,硕士,30-39,女,4381
E000581,35,销售,硕士,30-39,女,2572
E000582,30,市场拓展,本科,30-39,男,3833
E000583,40,市场拓展,专科,40-49,女,4244
E000584,34,销售,专科,30-39,女,6500
E000585,42,市场拓展,本科,40-49,男,18430
E000586,23,市场拓展,本科,20-29,男,1601
E000587,24,市场拓展,本科,20-29,男,2694
E000588,52,市场拓展,硕士,>=50,女,3149
E000589,50,市场拓展,本科,>=50,男,17639
E000590,29,市场拓展,专科,20-29,女,2319
E000591,33,市场拓展,本科,30-39,男,11691
E000592,33,销售,本科,30-39,女,5324
E000593,47,市场拓展,专科,40-49,女,16752
E000594,36,市场拓展,本科,30-39,女,5228
E000595,29,市场拓展,专科,20-29,男,2700
E000596,58,市场拓展,硕士,>=50,男,19246
E000597,35,市场拓展,硕士,30-39,女,2506
E000598,42,市场拓展,专科,40-49,女,6062
E000599,28,市场拓展,硕士,20-29,男,4382
E000600,36,人力资源,本科,30-39,男,2143
E000601,32,市场拓展,本科,30-39,女,6162
E000602,40,市场拓展,硕士,40-49,男,5094
E000603,30,市场拓展,本科,30-39,女,6877
E000604,45,市场拓展,本科,40-49,女,2274
E000605,42,市场拓展,本科,40-49,男,4434
E000606,38,市场拓展,本科,30-39,男,6288
E000607,34,市场拓展,硕士,30-39,女,2553
E000608,49,销售,本科,40-49,女,7654
E000609,55,销售,高中,>=50,男,5160
E000610,43,市场拓展,专科,40-49,男,17159
E000611,27,市场拓展,高中,20-29,男,12808
E000612,35,市场拓展,本科,30-39,男,10221
E000613,28,销售,硕士,20-29,女,4779
E000614,34,人力资源,专科,30-39,男,3737
E000615,26,市场拓展,专科,20-29,女,2366
E000616,27,市场拓展,本科,20-29,男,1706
E000617,51,销售,硕士,>=50,女,16307
E000618,44,市场拓展,本科,40-49,男,5933
E000619,25,市场拓展,高中,20-29,男,3424
E000620,33,销售,本科,30-39,男,4037
E000621,35,市场拓展,高中,30-39,女,2559
E000622,36,销售,专科,30-39,男,6201
E000623,32,销售,硕士,30-39,男,4403
E000624,30,市场拓展,硕士,30-39,男,3761
E000625,53,销售,专科,>=50,女,10934
E000626,45,销售,本科,40-49,男,10761
E000627,32,市场拓展,专科,30-39,女,5175
E000628,52,市场拓展,硕士,>=50,女,13826
E000629,37,销售,硕士,30-39,男,6334
E000630,28,人力资源,专科,20-29,男,4936
E000631,22,市场拓展,专科,20-29,男,4775
E000632,44,市场拓展,硕士,40-49,男,2818
E000633,42,市场拓展,高中,40-49,男,2515
E000634,36,人力资源,本科,30-39,男,2342
E000635,25,销售,高中,20-29,男,4194
E000636,35,市场拓展,本科,30-39,女,10685
E000637,35,市场拓展,硕士,30-39,女,2022
E000638,32,市场拓展,本科,30-39,男,2314
E000639,25,销售,高中,20-29,男,4256
E000640,49,市场拓展,本科,40-49,女,3580
E000641,24,市场拓展,高中,20-29,男,3162
E000642,32,销售,专科,30-39,男,6524
E000643,38,销售,本科,30-39,男,2899
E000644,42,市场拓展,本科,40-49,女,5231
E000645,31,市场拓展,硕士,30-39,男,2356
E000646,29,销售,本科,20-29,女,2800
E000647,53,销售,本科,>=50,男,11836
E000648,35,市场拓展,本科,30-39,男,10903
E000649,37,销售,专科,30-39,女,2973
E000650,53,市场拓展,硕士,>=50,女,14275
E000651,43,市场拓展,本科,40-49,女,5562
E000652,47,销售,专科,40-49,女,4537
E000653,37,销售,专科,30-39,男,7642
E000654,50,市场拓展,硕士,>=50,男,17924
E000655,39,人力资源,本科,30-39,女,5204
E000656,33,人力资源,专科,30-39,男,2277
E000657,32,市场拓展,硕士,30-39,男,2795
E000658,29,市场拓展,高中,20-29,女,2532
E000659,44,市场拓展,专科,40-49,男,2559
E000660,28,销售,硕士,20-29,男,4908
E000661,58,市场拓展,高中,>=50,男,2380
E000662,43,市场拓展,本科,40-49,女,4765
E000663,20,销售,本科,20-29,女,2044
E000664,21,市场拓展,高中,20-29,女,2693
E000665,36,市场拓展,高中,30-39,男,6586
E000666,47,销售,硕士,40-49,女,3294
E000667,22,市场拓展,高中,20-29,女,4171
E000668,41,市场拓展,硕士,40-49,女,2778
E000669,28,市场拓展,本科,20-29,女,2377
E000670,39,市场拓展,本科,30-39,男,2404
E000671,27,市场拓展,本科,20-29,女,2318
E000672,34,市场拓展,本科,30-39,男,2008
E000673,42,销售,专科,40-49,女,6244
E000674,33,市场拓展,硕士,30-39,男,2799
E000675,58,市场拓展,本科,>=50,女,10552
E000676,31,销售,硕士,30-39,男,2329
E000677,35,市场拓展,高中,30-39,女,4014
E000678,49,市场拓展,专科,40-49,女,7403
E000679,48,市场拓展,硕士,40-49,男,2259
E000680,31,销售,专科,30-39,女,6932
E000681,36,市场拓展,硕士,30-39,男,4678
E000682,38,市场拓展,本科,30-39,女,13582
E000683,32,市场拓展,本科,30-39,女,2332
E000684,25,销售,专科,20-29,男,2413
E000685,40,销售,硕士,40-49,男,9705
E000686,26,销售,本科,20-29,男,4294
E000687,41,市场拓展,本科,40-49,男,4721
E000688,36,市场拓展,硕士,30-39,男,2519
E000689,26,销售,本科,20-29,男,2121
E000690,20,市场拓展,本科,20-29,男,2973
E000691,31,市场拓展,本科,30-39,女,5855
E000692,40,市场拓展,硕士,40-49,男,3617
E000693,32,市场拓展,硕士,30-39,女,6725
E000694,36,销售,高中,30-39,男,10325
E000695,33,市场拓展,本科,30-39,女,6949
E000696,37,销售,硕士,30-39,男,10609
E000697,45,市场拓展,专科,40-49,男,4447
E000698,29,销售,本科,20-29,女,2157
E000699,35,销售,本科,30-39,女,4601
E000700,52,市场拓展,专科,>=50,男,17099
E000701,58,市场拓展,本科,>=50,男,2479
E000702,53,销售,专科,>=50,男,14852
E000703,30,销售,专科,30-39,男,7264
E000704,38,销售,本科,30-39,女,5666
E000705,35,销售,硕士,30-39,男,7823
E000706,39,销售,博士,30-39,男,7880
E000707,40,销售,本科,40-49,女,13194
E000708,47,市场拓展,硕士,40-49,男,5067
E000709,36,销售,硕士,30-39,男,5079
E000710,31,市场拓展,专科,30-39,男,2321
E000711,33,销售,本科,30-39,男,17444
E000712,29,市场拓展,本科,20-29,女,2404
E000713,33,市场拓展,高中,30-39,女,3452
E000714,45,市场拓展,硕士,40-49,女,2270
E000715,50,市场拓展,专科,>=50,男,17399
E000716,33,市场拓展,硕士,30-39,女,5488
E000717,41,市场拓展,本科,40-49,男,19419
E000718,27,市场拓展,硕士,20-29,女,2811
E000719,45,市场拓展,专科,40-49,男,3633
E000720,47,销售,专科,40-49,女,4163
E000721,30,市场拓展,本科,30-39,女,2132
E000722,50,市场拓展,本科,>=50,男,13973
E000723,38,市场拓展,高中,30-39,男,2684
E000724,46,市场拓展,专科,40-49,男,10845
E000725,24,市场拓展,高中,20-29,女,4377
E000726,35,市场拓展,硕士,30-39,男,3743
E000727,31,市场拓展,高中,30-39,女,4148
E000728,28,市场拓展,专科,20-29,男,1051
E000729,54,市场拓展,本科,>=50,女,10739
E000730,35,市场拓展,硕士,30-39,女,10388
E000731,30,市场拓展,专科,30-39,女,11416
E000732,20,市场拓展,本科,20-29,女,2600
E000733,30,市场拓展,本科,30-39,女,2422
E000734,26,市场拓展,专科,20-29,男,5472
E000735,22,市场拓展,高中,20-29,男,2451
E000736,48,市场拓展,本科,40-49,男,4240
E000737,48,市场拓展,硕士,40-49,男,10999
E000738,41,市场拓展,专科,40-49,女,5003
E000739,39,市场拓展,高中,30-39,女,12742
E000740,27,市场拓展,硕士,20-29,女,4227
E000741,35,市场拓展,本科,30-39,男,3917
E000742,42,销售,专科,40-49,男,18303
E000743,50,市场拓展,本科,>=50,男,2380
E000744,59,市场拓展,本科,>=50,女,13726
E000745,37,市场拓展,专科,30-39,女,4777
E000746,55,市场拓展,硕士,>=50,男,6385
E000747,41,市场拓展,高中,40-49,女,19973
E000748,38,销售,硕士,30-39,男,6861
E000749,26,销售,专科,20-29,男,4969
E000750,52,销售,高中,>=50,女,19845
E000751,44,销售,本科,40-49,女,13320
E000752,50,销售,本科,>=50,女,6347
E000753,36,市场拓展,硕士,30-39,女,2743
E000754,39,市场拓展,本科,30-39,女,10880
E000755,33,销售,高中,30-39,女,2342
E000756,45,销售,专科,40-49,女,17650
E000757,32,市场拓展,硕士,30-39,女,4025
E000758,34,销售,硕士,30-39,男,9725
E000759,59,销售,专科,>=50,男,11904
E000760,45,人力资源,硕士,40-49,男,2177
E000761,53,销售,本科,>=50,女,7525
E000762,36,市场拓展,本科,30-39,男,4834
E000763,26,市场拓展,本科,20-29,男,2042
E000764,34,销售,硕士,30-39,女,2220
E000765,28,销售,高中,20-29,男,1052
E000766,38,市场拓展,硕士,30-39,男,2821
E000767,50,市场拓展,硕士,>=50,男,19237
E000768,37,市场拓展,本科,30-39,女,4107
E000769,40,销售,本科,40-49,男,8396
E000770,26,市场拓展,高中,20-29,女,2007
E000771,46,市场拓展,硕士,40-49,男,19627
E000772,54,销售,硕士,>=50,女,10686
E000773,56,市场拓展,本科,>=50,女,2942
E000774,36,市场拓展,博士,30-39,女,8858
E000775,55,市场拓展,高中,>=50,男,16756
E000776,43,销售,本科,40-49,男,10798
E000777,20,销售,本科,20-29,女,2323
E000778,21,市场拓展,本科,20-29,女,1416
E000779,46,市场拓展,硕士,40-49,女,4615
E000780,51,市场拓展,硕士,>=50,男,2461
E000781,28,市场拓展,专科,20-29,男,8722
E000782,26,市场拓展,专科,20-29,男,3955
E000783,30,市场拓展,本科,30-39,男,9957
E000784,41,市场拓展,专科,40-49,女,3376
E000785,38,市场拓展,高中,30-39,女,8823
E000786,40,市场拓展,硕士,40-49,男,10322
E000787,27,市场拓展,博士,20-29,男,4621
E000788,55,市场拓展,高中,>=50,男,10976
E000789,28,市场拓展,本科,20-29,女,3660
E000790,44,人力资源,专科,40-49,男,10482
E000791,33,市场拓展,本科,30-39,男,7119
E000792,35,销售,本科,30-39,男,9582
E000793,33,市场拓展,硕士,30-39,女,4508
E000794,28,市场拓展,专科,20-29,男,2207
E000795,34,市场拓展,高中,30-39,男,7756
E000796,37,销售,硕士,30-39,女,6694
E000797,25,市场拓展,高中,20-29,男,3691
E000798,26,市场拓展,本科,20-29,男,2377
E000799,33,市场拓展,本科,30-39,男,2313
E000800,42,市场拓展,专科,40-49,男,17665
E000801,28,市场拓展,本科,20-29,男,2596
E000802,50,销售,硕士,>=50,男,4728
E000803,33,销售,本科,30-39,女,4302
E000804,34,市场拓展,硕士,30-39,男,2979
E000805,48,市场拓展,硕士,40-49,男,16885
E000806,45,销售,硕士,40-49,女,5593
E000807,52,市场拓展,硕士,>=50,男,10445
E000808,38,销售,硕士,30-39,男,8740
E000809,29,市场拓展,硕士,20-29,女,2514
E000810,28,市场拓展,本科,20-29,女,7655
E000811,46,销售,高中,40-49,男,17465
E000812,38,销售,专科,30-39,男,7351
E000813,43,市场拓展,本科,40-49,女,10820
E000814,39,市场拓展,本科,30-39,男,12169
E000815,40,市场拓展,本科,40-49,男,19626
E000816,21,市场拓展,高中,20-29,女,2070
E000817,39,市场拓展,本科,30-39,男,6782
E000818,36,市场拓展,硕士,30-39,男,7779
E000819,31,销售,本科,30-39,男,2791
E000820,28,市场拓展,高中,20-29,男,3201
E000821,35,销售,专科,30-39,男,4968
E000822,49,销售,硕士,40-49,男,13120
E000823,34,市场拓展,专科,30-39,男,4033
E000824,29,市场拓展,本科,20-29,女,3291
E000825,42,市场拓展,本科,40-49,男,4272
E000826,29,市场拓展,高中,20-29,男,5056
E000827,38,人力资源,本科,30-39,男,2844
E000828,28,市场拓展,本科,20-29,男,2703
E000829,26,市场拓展,高中,20-29,男,1904
E000830,33,销售,硕士,30-39,女,8224
E000831,41,市场拓展,硕士,40-49,男,4766
E000832,31,市场拓展,本科,30-39,男,2610
E000833,37,市场拓展,专科,30-39,女,5731
E000834,27,市场拓展,本科,20-29,男,2539
E000835,34,销售,高中,30-39,女,5714
E000836,35,人力资源,硕士,30-39,男,4323
E000837,29,销售,高中,20-29,女,7336
E000838,40,市场拓展,硕士,40-49,女,13499
E000839,42,销售,本科,40-49,男,13758
E000840,42,销售,硕士,40-49,男,5155
E000841,35,市场拓展,硕士,30-39,男,2258
E000842,24,市场拓展,本科,20-29,男,3597
E000843,28,市场拓展,高中,20-29,女,2515
E000844,26,市场拓展,硕士,20-29,男,4420
E000845,30,销售,本科,30-39,男,6578
E000846,40,市场拓展,专科,40-49,女,4422
E000847,35,市场拓展,本科,30-39,男,10274
E000848,34,市场拓展,本科,30-39,男,5343
E000849,35,市场拓展,硕士,30-39,男,2376
E000850,43,销售,本科,40-49,女,5346
E000851,32,销售,高中,30-39,女,2827
E000852,56,市场拓展,硕士,>=50,女,19943
E000853,29,市场拓展,高中,20-29,女,3131
E000854,25,市场拓展,专科,20-29,男,2552
E000855,45,市场拓展,本科,40-49,女,4477
E000856,37,市场拓展,本科,30-39,女,6474
E000857,20,市场拓展,本科,20-29,男,3033
E000858,44,市场拓展,硕士,40-49,男,2936
E000859,53,市场拓展,专科,>=50,女,18606
E000860,29,市场拓展,高中,20-29,女,2168
E000861,22,市场拓展,硕士,20-29,男,2853
E000862,46,销售,本科,40-49,女,17048
E000863,44,市场拓展,本科,40-49,男,2290
E000864,33,人力资源,本科,30-39,男,3600
E000865,41,市场拓展,专科,40-49,男,2107
E000866,30,销售,硕士,30-39,男,4115
E000867,40,销售,硕士,40-49,男,4327
E000868,50,市场拓展,本科,>=50,女,17856
E000869,28,市场拓展,硕士,20-29,男,3196
E000870,46,市场拓展,专科,40-49,男,19081
E000871,35,销售,硕士,30-39,男,8966
E000872,24,市场拓展,专科,20-29,女,2210
E000873,33,销售,本科,30-39,女,4539
E000874,36,市场拓展,硕士,30-39,男,2741
E000875,30,市场拓展,硕士,30-39,男,3491
E000876,44,市场拓展,硕士,40-49,男,4541
E000877,20,销售,本科,20-29,男,2678
E000878,46,市场拓展,硕士,40-49,男,7379
E000879,42,人力资源,博士,40-49,男,6272
E000880,60,销售,硕士,>=50,男,5220
E000881,32,市场拓展,本科,30-39,女,2743
E000882,32,市场拓展,专科,30-39,女,4998
E000883,36,市场拓展,本科,30-39,女,10252
E000884,33,市场拓展,本科,30-39,男,2781
E000885,40,销售,本科,40-49,女,6852
E000886,25,销售,硕士,20-29,男,4950
E000887,30,市场拓展,本科,30-39,男,3579
E000888,42,市场拓展,博士,40-49,女,13191
E000889,35,销售,专科,30-39,女,10377
E000890,27,市场拓展,本科,20-29,男,2235
E000891,54,市场拓展,硕士,>=50,女,10502
E000892,44,市场拓展,高中,40-49,女,2011
E000893,23,市场拓展,本科,20-29,女,1859
E000894,29,市场拓展,本科,20-29,女,3760
E000895,54,市场拓展,本科,>=50,男,17779
E000896,31,市场拓展,专科,30-39,男,6833
E000897,31,市场拓展,本科,30-39,女,6812
E000898,59,销售,本科,>=50,女,5171
E000899,43,市场拓展,本科,40-49,男,19740
E000900,49,市场拓展,专科,40-49,男,18711
E000901,36,市场拓展,本科,30-39,男,3692
E000902,48,市场拓展,专科,40-49,男,2559
E000903,27,市场拓展,专科,20-29,男,2517
E000904,29,市场拓展,本科,20-29,男,6623
E000905,48,市场拓展,本科,40-49,男,18265
E000906,29,市场拓展,本科,20-29,女,16124
E000907,34,市场拓展,本科,30-39,女,2585
E000908,44,销售,本科,40-49,男,18213
E000909,33,销售,博士,30-39,男,8380
E000910,23,市场拓展,本科,20-29,女,2994
E000911,23,市场拓展,专科,20-29,男,1223
E000912,25,销售,高中,20-29,男,1118
E000913,26,市场拓展,专科,20-29,男,2875
E000914,45,销售,本科,40-49,女,18824
E000915,55,市场拓展,高中,>=50,男,13577
E000916,21,市场拓展,专科,20-29,女,2625
E000917,46,销售,专科,40-49,女,18789
E000918,34,销售,本科,30-39,女,4538
E000919,51,销售,本科,>=50,男,19847
E000920,59,市场拓展,硕士,>=50,男,10512
E000921,34,市场拓展,本科,30-39,女,4444
E000922,28,市场拓展,硕士,20-29,男,2154
E000923,44,市场拓展,专科,40-49,男,19190
E000924,34,人力资源,本科,30-39,男,4490
E000925,35,市场拓展,高中,30-39,男,3506
E000926,42,市场拓展,硕士,40-49,女,2372
E000927,43,销售,硕士,40-49,女,10231
E000928,36,市场拓展,硕士,30-39,女,5410
E000929,44,市场拓展,本科,40-49,女,7978
E000930,28,市场拓展,本科,20-29,男,3867
E000931,51,市场拓展,专科,>=50,女,2838
E000932,30,市场拓展,专科,30-39,女,4695
E000933,29,市场拓展,本科,20-29,女,3339
E000934,28,市场拓展,本科,20-29,男,2080
E000935,25,市场拓展,本科,20-29,女,2096
E000936,32,销售,本科,30-39,男,6209
E000937,45,市场拓展,本科,40-49,女,18061
E000938,39,市场拓展,硕士,30-39,女,17123
E000939,58,市场拓展,硕士,>=50,男,2372
E000940,32,市场拓展,专科,30-39,男,4883
E000941,39,市场拓展,本科,30-39,男,3904
E000942,30,市场拓展,本科,30-39,女,4627
E000943,36,市场拓展,硕士,30-39,女,7094
E000944,46,人力资源,专科,40-49,女,3423
E000945,28,市场拓展,本科,20-29,女,6674
E000946,50,市场拓展,本科,>=50,女,16880
E000947,40,销售,硕士,40-49,男,9094
E000948,52,销售,本科,>=50,男,8446
E000949,30,市场拓展,硕士,30-39,女,11916
E000950,39,市场拓展,专科,30-39,男,4534
E000951,31,销售,硕士,30-39,女,9852
E000952,41,销售,专科,40-49,男,6151
E000953,31,销售,本科,30-39,女,2302
E000954,44,市场拓展,本科,40-49,男,2362
E000955,42,市场拓展,高中,40-49,男,17861
E000956,55,市场拓展,专科,>=50,女,19187
E000957,56,人力资源,硕士,>=50,男,19717
E000958,40,市场拓展,专科,40-49,男,3544
E000959,34,市场拓展,本科,30-39,男,8500
E000960,40,市场拓展,本科,40-49,男,4661
E000961,41,销售,本科,40-49,女,4103
E000962,35,市场拓展,硕士,30-39,男,4249
E000963,51,人力资源,本科,>=50,男,14026
E000964,38,销售,专科,30-39,女,6893
E000965,34,销售,专科,30-39,女,6125
E000966,25,市场拓展,高中,20-29,男,3669
E000967,58,市场拓展,硕士,>=50,女,10008
E000968,40,市场拓展,硕士,40-49,男,2387
E000969,36,销售,本科,30-39,女,4639
E000970,48,市场拓展,本科,40-49,男,7898
E000971,27,销售,本科,20-29,女,2534
E000972,51,市场拓展,专科,>=50,女,13142
E000973,24,市场拓展,本科,20-29,女,1611
E000974,35,市场拓展,本科,30-39,女,5363
E000975,27,销售,高中,20-29,男,5071
E000976,55,销售,硕士,>=50,男,13695
E000977,56,市场拓展,本科,>=50,男,13402
E000978,34,市场拓展,高中,30-39,女,2029
E000979,40,市场拓展,高中,40-49,女,6377
E000980,34,市场拓展,本科,30-39,男,5429
E000981,31,销售,本科,30-39,女,2785
E000982,35,销售,硕士,30-39,女,4614
E000983,38,市场拓展,本科,30-39,男,2610
E000984,34,市场拓展,硕士,30-39,女,6687
E000985,28,销售,本科,20-29,男,4724
E000986,31,市场拓展,硕士,30-39,男,6179
E000987,39,销售,硕士,30-39,男,6120
E000988,51,销售,本科,>=50,男,10596
E000989,41,市场拓展,本科,40-49,女,5467
E000990,37,市场拓展,高中,30-39,男,2996
E000991,33,销售,高中,30-39,男,9998
E000992,32,销售,高中,30-39,男,4078
E000993,39,市场拓展,专科,30-39,男,10920
E000994,25,销售,高中,20-29,男,6232
E000995,52,市场拓展,专科,>=50,女,13247
E000996,43,市场拓展,本科,40-49,女,4081
E000997,27,销售,本科,20-29,女,5769
E000998,27,市场拓展,硕士,20-29,女,2394
E000999,26,市场拓展,高中,20-29,男,3904
E001000,42,人力资源,本科,40-49,女,16799
E001001,52,市场拓展,硕士,>=50,女,2950
E001002,37,行政,本科,30-39,女,3629
E001003,35,行政,专科,30-39,男,9362
E001004,25,行政,本科,20-29,男,3229
E001005,26,行政,本科,20-29,男,3578
E001006,29,人力资源,本科,20-29,男,7988
E001007,49,行政,专科,40-49,男,4284
E001008,29,行政,高中,20-29,女,7553
E001009,54,行政,本科,>=50,女,17328
E001010,58,行政,本科,>=50,女,19701
E001011,55,行政,硕士,>=50,男,14732
E001012,36,销售,硕士,30-39,女,9278
E001013,31,销售,硕士,30-39,女,1359
E001014,30,销售,硕士,30-39,女,4779
E001015,31,行政,博士,30-39,女,16422
E001016,34,行政,硕士,30-39,男,2996
E001017,31,行政,本科,30-39,女,1261
E001018,27,行政,高中,20-29,男,2099
E001019,36,行政,硕士,30-39,男,5810
E001020,36,销售,硕士,30-39,女,5647
E001021,47,行政,本科,40-49,男,3420
E001022,25,销售,专科,20-29,男,4400
E001023,37,行政,专科,30-39,男,3500
E001024,56,行政,专科,>=50,女,2066
E001025,47,行政,硕士,40-49,女,17169
E001026,24,销售,高中,20-29,女,4162
E001027,32,销售,博士,30-39,男,9204
E001028,34,行政,本科,30-39,女,3294
E001029,41,行政,博士,40-49,男,2127
E001030,40,行政,硕士,40-49,男,3975
E001031,31,销售,专科,30-39,男,10793
E001032,46,销售,本科,40-49,男,10096
E001033,39,行政,本科,30-39,女,3646
E001034,31,行政,博士,30-39,女,7446
E001035,45,行政,本科,40-49,男,10851
E001036,31,人力资源,专科,30-39,女,2109
E001037,31,行政,本科,30-39,男,3722
E001038,45,行政,本科,40-49,男,9380
E001039,48,销售,本科,40-49,男,5486
E001040,34,人力资源,硕士,30-39,女,2742
E001041,40,行政,高中,40-49,男,13757
E001042,28,销售,本科,20-29,男,8463
E001043,44,行政,本科,40-49,男,3162
E001044,53,行政,本科,>=50,男,16598
E001045,49,行政,硕士,40-49,男,6651
E001046,40,行政,本科,40-49,男,2345
E001047,44,行政,本科,40-49,男,3420
E001048,33,销售,本科,30-39,男,4373
E001049,34,销售,本科,30-39,男,4759
E001050,30,销售,高中,30-39,男,5301
E001051,42,行政,专科,40-49,女,3673
E001052,44,销售,博士,40-49,女,4768
E001053,30,行政,本科,30-39,男,1274
E001054,57,行政,专科,>=50,男,4900
E001055,49,行政,硕士,40-49,男,10466
E001056,34,行政,本科,30-39,男,17007
E001057,28,销售,本科,20-29,男,2909
E001058,29,销售,本科,20-29,女,5765
E001059,34,销售,硕士,30-39,女,4599
E001060,35,销售,高中,30-39,男,2404
E001061,24,行政,本科,20-29,男,3172
E001062,24,销售,专科,20-29,女,2033
E001063,44,行政,高中,40-49,男,10209
E001064,29,销售,本科,20-29,男,8620
E001065,30,人力资源,本科,30-39,男,2064
E001066,55,行政,硕士,>=50,男,4035
E001067,33,行政,硕士,30-39,女,3838
E001068,47,销售,本科,40-49,女,4591
E001069,28,行政,专科,20-29,男,2561
E001070,28,行政,本科,20-29,男,1563
E001071,28,销售,本科,20-29,男,4898
E001072,49,行政,专科,40-49,女,4789
E001073,29,行政,高中,20-29,女,3180
E001074,28,行政,高中,20-29,男,6549
E001075,33,行政,博士,30-39,男,6388
E001076,32,行政,本科,30-39,男,11244
E001077,54,行政,硕士,>=50,女,16032
E001078,29,行政,硕士,20-29,男,2362
E001079,44,行政,本科,40-49,男,16328
E001080,39,行政,本科,30-39,女,8376
E001081,46,销售,本科,40-49,女,16606
E001082,35,行政,本科,30-39,女,8606
E001083,23,行政,高中,20-29,男,2272
E001084,40,行政,硕士,40-49,男,2018
E001085,34,销售,本科,30-39,男,7083
E001086,31,行政,本科,30-39,女,4084
E001087,50,行政,博士,>=50,男,14411
E001088,34,销售,专科,30-39,男,2308
E001089,42,行政,本科,40-49,男,4841
E001090,37,行政,本科,30-39,男,4285
E001091,29,行政,高中,20-29,女,9715
E001092,33,行政,本科,30-39,男,4320
E001093,45,行政,本科,40-49,男,2132
E001094,42,行政,本科,40-49,男,10124
E001095,40,销售,专科,40-49,男,5473
E001096,33,行政,硕士,30-39,男,5207
E001097,40,人力资源,专科,40-49,男,16437
E001098,24,行政,专科,20-29,男,2296
E001099,40,行政,专科,40-49,男,4069
E001100,45,行政,硕士,40-49,男,7441
E001101,35,销售,硕士,30-39,女,2430
E001102,32,行政,专科,30-39,女,5878
E001103,36,销售,硕士,30-39,男,2644
E001104,48,销售,硕士,40-49,女,6439
E001105,29,行政,本科,20-29,男,2451
E001106,33,销售,硕士,30-39,男,6392
E001107,30,销售,本科,30-39,男,9714
E001108,38,人力资源,硕士,30-39,男,6077
E001109,35,行政,本科,30-39,男,2450
E001110,30,销售,硕士,30-39,男,9250
E001111,35,行政,本科,30-39,女,2074
E001112,53,行政,博士,>=50,女,10169
E001113,38,行政,本科,30-39,男,4855
E001114,32,行政,硕士,30-39,男,4087
E001115,48,行政,硕士,40-49,女,2367
E001116,34,行政,硕士,30-39,男,2972
E001117,55,销售,博士,>=50,男,19586
E001118,34,行政,硕士,30-39,男,5484
E001119,26,行政,本科,20-29,女,2061
E001120,38,销售,本科,30-39,男,9924
E001121,38,销售,本科,30-39,女,4198
E001122,36,销售,硕士,30-39,女,6815
E001123,29,行政,高中,20-29,男,4723
E001124,35,行政,硕士,30-39,女,6142
E001125,39,销售,本科,30-39,男,8237
E001126,29,行政,高中,20-29,男,8853
E001127,50,销售,本科,>=50,男,19331
E001128,23,行政,本科,20-29,男,2073
E001129,36,行政,硕士,30-39,男,5562
E001130,42,行政,专科,40-49,男,19613
E001131,35,行政,本科,30-39,男,3407
E001132,34,行政,硕士,30-39,男,5063
E001133,40,销售,专科,40-49,女,4639
E001134,43,行政,本科,40-49,男,4876
E001135,35,行政,专科,30-39,男,2690
E001136,46,销售,硕士,40-49,男,17567
E001137,28,行政,本科,20-29,男,2408
E001138,22,行政,专科,20-29,女,2814
E001139,50,行政,博士,>=50,男,11245
E001140,32,行政,硕士,30-39,女,3312
E001141,44,行政,本科,40-49,女,19049
E001142,30,行政,本科,30-39,男,2141
E001143,45,行政,博士,40-49,女,5769
E001144,45,销售,本科,40-49,男,4385
E001145,31,销售,硕士,30-39,男,5332
E001146,36,行政,硕士,30-39,女,4663
E001147,34,行政,硕士,30-39,男,4724
E001148,49,行政,硕士,40-49,女,3211
E001149,39,行政,博士,30-39,男,5377
E001150,27,行政,本科,20-29,男,4066
E001151,35,行政,博士,30-39,男,5208
E001152,28,行政,本科,20-29,女,4877
E001153,21,行政,高中,20-29,男,3117
E001154,23,销售,专科,20-29,女,1569
E001155,47,人力资源,硕士,40-49,女,19658
E001156,39,行政,专科,30-39,男,3069
E001157,40,行政,本科,40-49,女,10435
E001158,35,行政,硕士,30-39,女,4148
E001159,37,行政,本科,30-39,男,5768
E001160,39,行政,本科,30-39,女,5042
E001161,45,行政,专科,40-49,女,5770
E001162,38,行政,专科,30-39,女,7756
E001163,35,销售,本科,30-39,男,10306
E001164,37,行政,本科,30-39,女,3936
E001165,40,行政,本科,40-49,女,7945
E001166,44,人力资源,博士,40-49,男,5743
E001167,48,行政,博士,40-49,男,15202
E001168,35,销售,专科,30-39,男,5440
E001169,24,行政,高中,20-29,女,3760
E001170,27,行政,本科,20-29,女,3517
E001171,27,行政,本科,20-29,男,2580
E001172,40,行政,本科,40-49,男,2166
E001173,29,销售,本科,20-29,男,5869
E001174,36,行政,硕士,30-39,女,8008
E001175,25,行政,高中,20-29,男,5206
E001176,39,行政,本科,30-39,男,5295
E001177,49,行政,硕士,40-49,女,16413
E001178,50,行政,博士,>=50,女,13269
E001179,20,销售,本科,20-29,女,2783
E001180,34,行政,本科,30-39,女,5433
E001181,36,行政,本科,30-39,男,2013
E001182,49,行政,高中,40-49,女,13966
E001183,36,行政,硕士,30-39,女,4374
E001184,36,行政,专科,30-39,男,6842
E001185,54,行政,博士,>=50,女,17426
E001186,43,行政,专科,40-49,男,17603
E001187,35,销售,硕士,30-39,男,4581
E001188,38,行政,本科,30-39,男,4735
E001189,29,销售,本科,20-29,男,4187
E001190,33,销售,硕士,30-39,男,5505
E001191,32,行政,本科,30-39,男,5470
E001192,31,销售,硕士,30-39,女,5476
E001193,49,行政,本科,40-49,女,2587
E001194,38,行政,本科,30-39,女,2440
E001195,47,销售,硕士,40-49,女,15972
E001196,49,行政,本科,40-49,男,15379
E001197,41,销售,专科,40-49,男,7082
E001198,20,销售,高中,20-29,男,2728
E001199,33,销售,本科,30-39,女,5368
E001200,36,行政,硕士,30-39,男,5347
E001201,44,人力资源,本科,40-49,女,3195
E001202,23,行政,高中,20-29,男,3989
E001203,38,行政,专科,30-39,女,3306
E001204,53,行政,硕士,>=50,男,7005
E001205,48,销售,专科,40-49,女,2655
E001206,32,行政,硕士,30-39,男,1393
E001207,26,行政,本科,20-29,男,2570
E001208,55,行政,本科,>=50,男,3537
E001209,34,行政,专科,30-39,男,3986
E001210,60,行政,硕士,>=50,男,10883
E001211,33,行政,本科,30-39,男,2028
E001212,37,销售,硕士,30-39,男,9525
E001213,34,行政,本科,30-39,女,2929
E001214,23,销售,本科,20-29,男,2275
E001215,44,行政,本科,40-49,女,7879
E001216,35,行政,硕士,30-39,男,4930
E001217,43,销售,本科,40-49,男,7847
E001218,24,行政,本科,20-29,男,4401
E001219,41,销售,本科,40-49,男,9241
E001220,29,行政,硕士,20-29,女,2974
E001221,36,销售,硕士,30-39,女,4502
E001222,45,行政,高中,40-49,男,10748
E001223,24,人力资源,高中,20-29,男,1555
E001224,47,销售,本科,40-49,男,12936
E001225,26,行政,硕士,20-29,男,2305
E001226,45,行政,专科,40-49,女,16704
E001227,32,行政,本科,30-39,男,3433
E001228,31,行政,硕士,30-39,男,3477
E001229,41,人力资源,本科,40-49,男,6430
E001230,40,行政,专科,40-49,女,6516
E001231,24,行政,高中,20-29,男,3907
E001232,46,行政,硕士,40-49,男,5562
E001233,35,行政,硕士,30-39,男,6883
E001234,30,行政,高中,30-39,男,2862
E001235,47,销售,硕士,40-49,男,4978
E001236,46,销售,本科,40-49,男,10368
E001237,36,销售,博士,30-39,男,6134
E001238,32,销售,专科,30-39,男,6735
E001239,23,行政,高中,20-29,女,3295
E001240,31,行政,高中,30-39,女,5238
E001241,39,行政,本科,30-39,男,6472
E001242,32,销售,本科,30-39,男,9610
E001243,40,销售,硕士,40-49,男,19833
E001244,45,人力资源,本科,40-49,女,9756
E001245,30,行政,硕士,30-39,女,4968
E001246,24,人力资源,本科,20-29,男,2145
E001247,30,人力资源,本科,30-39,女,2180
E001248,31,销售,本科,30-39,男,8346
E001249,27,行政,本科,20-29,女,3445
E001250,29,销售,本科,20-29,女,2760
E001251,29,行政,本科,20-29,男,6294
E001252,30,销售,专科,30-39,男,7140
E001253,34,行政,硕士,30-39,男,2932
E001254,33,销售,本科,30-39,女,5147
E001255,49,销售,硕士,40-49,女,4507
E001256,33,销售,本科,30-39,女,8564
E001257,38,行政,专科,30-39,女,2468
E001258,31,销售,硕士,30-39,男,8161
E001259,29,行政,本科,20-29,女,2109
E001260,30,行政,本科,30-39,男,5294
E001261,32,行政,硕士,30-39,男,2718
E001262,38,行政,本科,30-39,男,5811
E001263,43,行政,本科,40-49,男,2437
E001264,42,行政,本科,40-49,男,2766
E001265,55,行政,本科,>=50,男,19038
E001266,33,行政,本科,30-39,男,3055
E001267,41,行政,硕士,40-49,男,2289
E001268,34,销售,本科,30-39,男,4001
E001269,53,行政,硕士,>=50,女,12965
E001270,43,人力资源,本科,40-49,男,3539
E001271,34,销售,专科,30-39,女,6029
E001272,21,销售,高中,20-29,男,2679
E001273,38,行政,专科,30-39,女,3702
E001274,22,行政,高中,20-29,女,2398
E001275,31,销售,硕士,30-39,女,5468
E001276,51,行政,本科,>=50,女,13116
E001277,37,销售,专科,30-39,男,4189
E001278,46,行政,硕士,40-49,男,19328
E001279,36,行政,本科,30-39,男,8321
E001280,44,行政,专科,40-49,男,2342
E001281,37,人力资源,专科,30-39,男,4071
E001282,35,销售,本科,30-39,男,5813
E001283,33,行政,硕士,30-39,男,3143
E001284,28,行政,本科,20-29,男,2044
E001285,39,行政,高中,30-39,男,13464
E001286,46,销售,专科,40-49,男,7991
E001287,40,行政,专科,40-49,女,3377
E001288,42,行政,本科,40-49,男,5538
E001289,35,行政,专科,30-39,男,5762
E001290,38,人力资源,本科,30-39,男,2592
E001291,34,行政,硕士,30-39,男,5346
E001292,37,行政,硕士,30-39,男,4213
E001293,39,销售,本科,30-39,男,4127
E001294,43,行政,本科,40-49,男,2438
E001295,41,行政,本科,40-49,男,6870
E001296,41,销售,高中,40-49,女,10447
E001297,30,行政,本科,30-39,女,9667
E001298,26,人力资源,专科,20-29,女,2148
E001299,46,行政,专科,40-49,女,8926
E001300,40,行政,本科,40-49,女,6513
E001301,34,销售,专科,30-39,男,6799
E001302,58,销售,本科,>=50,男,16291
E001303,35,行政,硕士,30-39,男,2705
E001304,47,行政,本科,40-49,女,10333
E001305,40,行政,本科,40-49,女,4448
E001306,54,行政,硕士,>=50,女,6854
E001307,31,销售,硕士,30-39,女,9637
E001308,28,行政,本科,20-29,女,3591
E001309,38,销售,硕士,30-39,女,5405
E001310,26,销售,本科,20-29,男,4684
E001311,58,行政,硕士,>=50,男,15787
E001312,23,行政,本科,20-29,女,1514
E001313,31,人力资源,博士,30-39,男,2956
E001314,29,人力资源,本科,20-29,男,2335
E001315,45,销售,硕士,40-49,女,5154
E001316,36,行政,硕士,30-39,女,6962
E001317,43,销售,硕士,40-49,男,5675
E001318,27,行政,专科,20-29,女,2379
E001319,29,行政,高中,20-29,男,3812
E001320,32,销售,硕士,30-39,男,4648
E001321,42,行政,硕士,40-49,男,2936
E001322,47,行政,硕士,40-49,女,2105
E001323,46,行政,专科,40-49,男,8578
E001324,28,人力资源,专科,20-29,男,2706
E001325,29,行政,高中,20-29,男,6384
E001326,42,行政,本科,40-49,男,3968
E001327,32,销售,硕士,30-39,男,9907
E001328,46,销售,本科,40-49,女,13225
E001329,27,销售,高中,20-29,女,3540
E001330,29,人力资源,高中,20-29,男,2804
E001331,43,行政,本科,40-49,女,19392
E001332,48,行政,本科,40-49,男,19665
E001333,29,行政,专科,20-29,男,2439
E001334,46,销售,本科,40-49,女,7314
E001335,27,行政,本科,20-29,女,4774
E001336,39,行政,硕士,30-39,男,3902
E001337,55,行政,硕士,>=50,男,2662
E001338,28,销售,本科,20-29,女,2856
E001339,30,销售,本科,30-39,男,1081
E001340,22,行政,高中,20-29,男,2472
E001341,36,销售,硕士,30-39,女,5673
E001342,31,行政,本科,30-39,男,4197
E001343,34,销售,本科,30-39,男,9713
E001344,29,行政,本科,20-29,男,2062
E001345,37,行政,硕士,30-39,男,4284
E001346,35,行政,专科,30-39,女,4788
E001347,45,行政,专科,40-49,女,5906
E001348,36,人力资源,高中,30-39,男,3886
E001349,40,行政,硕士,40-49,男,16823
E001350,26,行政,专科,20-29,女,2933
E001351,27,销售,专科,20-29,女,6500
E001352,48,行政,本科,40-49,女,17174
E001353,44,行政,硕士,40-49,男,5033
E001354,34,行政,硕士,30-39,男,2307
E001355,56,行政,专科,>=50,男,2587
E001356,36,销售,专科,30-39,男,5507
E001357,41,销售,本科,40-49,女,4393
E001358,42,行政,本科,40-49,男,13348
E001359,31,销售,专科,30-39,女,6583
E001360,34,销售,高中,30-39,女,8103
E001361,31,行政,本科,30-39,女,3978
E001362,26,行政,本科,20-29,男,2544
E001363,45,行政,硕士,40-49,男,5399
E001364,33,销售,硕士,30-39,男,5487
E001365,28,销售,专科,20-29,男,6834
E001366,29,销售,本科,20-29,男,1091
E001367,39,销售,硕士,30-39,女,5736
E001368,27,行政,硕士,20-29,男,2226
E001369,34,行政,硕士,30-39,男,5747
E001370,28,销售,专科,20-29,女,9854
E001371,47,行政,硕士,40-49,男,5467
E001372,56,销售,博士,>=50,女,5380
E001373,39,行政,专科,30-39,男,5151
E001374,38,行政,本科,30-39,女,2133
E001375,58,销售,本科,>=50,女,17875
E001376,32,行政,专科,30-39,女,2432
E001377,38,行政,专科,30-39,男,4771
E001378,49,行政,高中,40-49,男,19161
E001379,42,销售,硕士,40-49,男,5087
E001380,27,人力资源,本科,20-29,女,2863
E001381,35,销售,硕士,30-39,男,5561
E001382,28,行政,本科,20-29,男,2144
E001383,31,行政,专科,30-39,男,3065
E001384,36,行政,硕士,30-39,男,2810
E001385,34,销售,本科,30-39,男,9888
E001386,34,销售,硕士,30-39,男,8628
E001387,26,行政,本科,20-29,男,2867
E001388,29,行政,本科,20-29,男,5373
E001389,32,行政,硕士,30-39,女,6667
E001390,31,行政,本科,30-39,男,5003
E001391,28,行政,本科,20-29,男,2367
E001392,38,销售,本科,30-39,男,2858
E001393,35,销售,硕士,30-39,女,5204
E001394,27,销售,本科,20-29,男,4105
E001395,32,行政,硕士,30-39,男,9679
E001396,31,销售,硕士,30-39,男,5617
E001397,53,销售,硕士,>=50,男,10448
E001398,54,行政,专科,>=50,女,2897
E001399,33,行政,专科,30-39,男,5968
E001400,43,行政,本科,40-49,男,7510
E001401,38,人力资源,硕士,30-39,男,2991
E001402,55,人力资源,硕士,>=50,男,19636
E001403,31,行政,高中,30-39,女,1129
E001404,39,销售,硕士,30-39,男,13341
E001405,42,行政,专科,40-49,男,4332
E001406,31,行政,本科,30-39,女,11031
E001407,54,行政,本科,>=50,女,4440
E001408,24,行政,专科,20-29,男,4617
E001409,23,行政,专科,20-29,男,2647
E001410,40,行政,本科,40-49,女,6323
E001411,40,销售,专科,40-49,女,5677
E001412,25,人力资源,本科,20-29,女,2187
E001413,30,行政,专科,30-39,男,3748
E001414,25,行政,高中,20-29,男,3977
E001415,47,行政,本科,40-49,男,8633
E001416,33,行政,专科,30-39,男,2008
E001417,38,销售,硕士,30-39,男,4440
E001418,31,销售,专科,30-39,男,3067
E001419,38,行政,硕士,30-39,男,5321
E001420,42,行政,硕士,40-49,男,5410
E001421,41,行政,本科,40-49,男,2782
E001422,47,行政,高中,40-49,女,11957
E001423,35,行政,硕士,30-39,男,2660
E001424,22,行政,专科,20-29,男,3375
E001425,35,行政,硕士,30-39,男,5098
E001426,33,行政,专科,30-39,女,4878
E001427,32,行政,硕士,30-39,女,2837
E001428,40,行政,硕士,40-49,男,2406
E001429,32,销售,硕士,30-39,男,2269
E001430,39,行政,高中,30-39,男,4108
E001431,38,行政,本科,30-39,女,13206
E001432,32,销售,硕士,30-39,女,10422
E001433,37,行政,本科,30-39,女,13744
E001434,25,销售,专科,20-29,女,4907
E001435,52,销售,硕士,>=50,男,3482
E001436,44,行政,本科,40-49,男,2436
E001437,21,销售,高中,20-29,男,2380
E001438,39,行政,本科,30-39,男,19431
E001439,23,销售,本科,20-29,男,1790
E001440,36,销售,本科,30-39,女,7644
E001441,36,行政,专科,30-39,女,5131
E001442,56,行政,硕士,>=50,男,6306
E001443,29,行政,硕士,20-29,男,4787
E001444,42,行政,本科,40-49,男,18880
E001445,56,行政,专科,>=50,男,2339
E001446,41,行政,硕士,40-49,女,13570
E001447,34,销售,本科,30-39,女,6712
E001448,36,销售,硕士,30-39,男,5406
E001449,41,销售,本科,40-49,男,8938
E001450,32,行政,本科,30-39,男,2439
E001451,35,人力资源,硕士,30-39,女,8837
E001452,38,销售,专科,30-39,女,5343
E001453,50,销售,硕士,>=50,男,6728
E001454,36,销售,硕士,30-39,女,6652
E001455,45,销售,本科,40-49,女,4850
E001456,40,行政,硕士,40-49,男,2809
E001457,35,行政,硕士,30-39,男,5689
E001458,40,行政,硕士,40-49,女,2001
E001459,35,行政,硕士,30-39,女,2977
E001460,29,行政,专科,20-29,男,4025
E001461,29,行政,硕士,20-29,女,3785
E001462,50,销售,本科,>=50,男,10854
E001463,39,销售,高中,30-39,女,12031
E001464,31,市场拓展,本科,30-39,男,9936
E001465,26,销售,本科,20-29,女,2966
E001466,36,市场拓展,专科,30-39,男,2571
E001467,39,市场拓展,高中,30-39,男,9991
E001468,27,市场拓展,本科,20-29,男,6142
E001469,49,销售,本科,40-49,男,5390
E001470,34,市场拓展,本科,30-39,男,4404
