月份_成本,类别,成本
1月,推广,500.44982400000004
1月,其他,234.045392
1月,人工,226.70150800000002
1月,产品,109.35042
2月,推广,550.5802560000001
2月,其他,268.191328
2月,人工,196.51852
2月,产品,133.6581
3月,推广,422.168496
3月,其他,248.99756800000003
3月,人工,189.630969
3月,产品,133.00943999999998
4月,推广,512.840016
4月,其他,239.56656
4月,人工,268.120842
4月,产品,133.0891
5月,推广,523.85352
5月,其他,209.211984
5月,人工,256.085258
5月,产品,91.68866
6月,推广,475.859328
6月,其他,246.817536
6月,人工,210.15257999999997
6月,产品,129.77751999999998
7月,推广,470.8747680000001
7月,其他,197.174416
7月,人工,192.99247
7月,产品,128.8785
8月,推广,421.171584
8月,其他,273.665104
8月,人工,211.46897199999998
8月,产品,111.05742
9月,推广,405.83812800000004
9月,其他,208.382624
9月,人工,214.665924
9月,产品,100.36022
10月,推广,444.10056000000003
10月,其他,209.211984
10月,人工,207.049656
10月,产品,104.99188000000001
11月,推广,511.65321600000004
11月,其他,240.182656
11月,人工,219.837464
11月,产品,121.77738000000001
12月,推广,401.37576
12月,其他,236.96
12月,人工,276.536348
12月,产品,119.74035999999998
