员工编号,年龄,性别,学历,婚姻状况,部门,本月入转调,年龄段
E000001,41,女,专科,单身,销售部,入职,40=<
E000002,49,男,专科以下,已婚,研发部,,40=<
E000003,37,男,专科,单身,研发部,,35-39
E000004,33,女,硕士研究生,已婚,研发部,,30-34
E000005,27,男,专科以下,已婚,研发部,,25-29
E000006,32,男,专科,单身,研发部,,30-34
E000007,59,女,本科,已婚,研发部,,40=<
E000008,30,男,专科以下,离异,研发部,,30-34
E000009,38,男,本科,单身,研发部,,35-39
E000010,36,男,本科,已婚,研发部,,35-39
E000011,35,男,本科,已婚,研发部,入职,35-39
E000012,29,女,专科,单身,研发部,,25-29
E000013,31,男,专科以下,离异,信息技术部,,30-34
E000014,34,男,专科,离异,研发部,,30-34
E000015,28,男,本科,单身,研发部,,25-29
E000016,29,女,硕士研究生,离异,研发部,,25-29
E000017,32,男,专科,离异,研发部,,30-34
E000018,22,男,专科,离异,研发部,,18-24
E000019,53,女,硕士研究生,已婚,销售部,,40=<
E000020,38,男,本科,单身,信息技术部,,35-39
E000021,24,女,专科,离异,研发部,入职,18-24
E000022,36,男,硕士研究生,单身,销售部,,35-39
E000023,34,女,硕士研究生,单身,研发部,,30-34
E000024,21,男,专科,单身,研发部,,18-24
E000025,34,男,专科以下,单身,研发部,,30-34
E000026,53,女,本科,离异,研发部,,40=<
E000027,32,女,专科以下,单身,研发部,,30-34
E000028,42,男,硕士研究生,已婚,销售部,,40=<
E000029,44,女,硕士研究生,已婚,研发部,,40=<
E000030,46,女,硕士研究生,单身,销售部,入职,40=<
E000031,33,男,本科,单身,研发部,,30-34
E000032,44,男,硕士研究生,已婚,研发部,,40=<
E000033,30,男,专科,单身,研发部,,30-34
E000034,39,男,本科,已婚,销售部,,35-39
E000035,24,男,本科,已婚,研发部,,18-24
E000036,43,女,专科,离异,研发部,,40=<
E000037,50,男,专科,已婚,销售部,,40=<
E000038,35,女,本科,已婚,销售部,,35-39
E000039,36,女,硕士研究生,已婚,研发部,,35-39
E000040,33,女,本科,已婚,销售部,,30-34
E000041,35,男,专科,离异,研发部,,35-39
E000042,27,女,硕士研究生,离异,研发部,,25-29
E000043,26,男,本科,单身,研发部,,25-29
E000044,27,男,本科,单身,销售部,,25-29
E000045,30,女,专科,单身,研发部,,30-34
E000046,41,女,本科,已婚,研发部,,40=<
E000047,34,男,硕士研究生,单身,销售部,,30-34
E000048,37,男,专科,已婚,研发部,,35-39
E000049,46,男,硕士研究生,单身,销售部,,40=<
E000050,35,男,专科以下,已婚,研发部,,35-39
E000051,48,男,专科,单身,研发部,入职,40=<
E000052,28,男,硕士研究生,单身,研发部,,25-29
E000053,44,女,博士研究生,离异,销售部,,40=<
E000054,35,男,专科,已婚,研发部,,35-39
E000055,26,女,本科,已婚,销售部,,25-29
E000056,33,女,专科,单身,研发部,,30-34
E000057,35,男,博士研究生,已婚,销售部,,35-39
E000058,35,女,硕士研究生,已婚,信息技术部,,35-39
E000059,31,男,硕士研究生,离异,信息技术部,,30-34
E000060,37,男,硕士研究生,离异,信息技术部,,35-39
E000061,32,男,本科,已婚,信息技术部,,30-34
E000062,38,女,博士研究生,单身,信息技术部,入职,35-39
E000063,50,女,专科,离异,信息技术部,,40=<
E000064,59,女,本科,单身,销售部,,40=<
E000065,36,女,本科,离异,信息技术部,,35-39
E000066,55,女,本科,离异,信息技术部,,40=<
E000067,36,男,本科,单身,信息技术部,,35-39
E000068,45,男,本科,离异,信息技术部,,40=<
E000069,35,男,本科,已婚,信息技术部,,35-39
E000070,36,男,本科,已婚,信息技术部,,35-39
E000071,59,女,专科以下,单身,销售部,,40=<
E000072,29,男,本科,已婚,信息技术部,,25-29
E000073,31,男,硕士研究生,单身,信息技术部,,30-34
E000074,32,男,本科,已婚,信息技术部,,30-34
E000075,36,女,本科,已婚,研发部,,35-39
E000076,31,女,硕士研究生,单身,研发部,,30-34
E000077,35,男,硕士研究生,单身,行政部,,35-39
E000078,45,男,硕士研究生,已婚,研发部,,40=<
E000079,37,男,硕士研究生,单身,研发部,,35-39
E000080,46,男,专科,离异,人力资源部,,40=<
E000081,30,男,专科以下,已婚,研发部,,30-34
E000082,35,男,本科,单身,研发部,,35-39
E000083,55,男,专科,已婚,销售部,,40=<
E000084,38,女,本科,离异,研发部,,35-39
E000085,34,男,专科,已婚,研发部,,30-34
E000086,56,男,本科,单身,研发部,,40=<
E000087,23,男,专科以下,离异,销售部,,18-24
E000088,51,男,硕士研究生,已婚,研发部,,40=<
E000089,30,男,本科,已婚,研发部,,30-34
E000090,46,男,专科,单身,销售部,,40=<
E000091,40,男,硕士研究生,已婚,研发部,,40=<
E000092,51,男,硕士研究生,单身,行政部,,40=<
E000093,30,女,专科,离异,销售部,,30-34
E000094,46,男,本科,已婚,研发部,入职,40=<
E000095,32,男,硕士研究生,单身,销售部,,30-34
E000096,54,女,硕士研究生,已婚,信息技术部,,40=<
E000097,24,女,专科,已婚,销售部,,18-24
E000098,28,男,本科,已婚,销售部,,25-29
E000099,58,男,硕士研究生,单身,销售部,,40=<
E000100,44,男,本科,已婚,信息技术部,,40=<
E000101,37,男,硕士研究生,离异,人力资源部,,35-39
E000102,32,男,专科以下,单身,信息技术部,,30-34
E000103,20,女,本科,单身,信息技术部,,18-24
E000104,34,女,硕士研究生,单身,信息技术部,,30-34
E000105,37,男,专科,离异,信息技术部,,35-39
E000106,59,女,硕士研究生,已婚,人力资源部,入职,40=<
E000107,50,女,本科,已婚,信息技术部,,40=<
E000108,25,男,本科,单身,行政部,,25-29
E000109,25,男,专科以下,已婚,信息技术部,,25-29
E000110,22,女,本科,单身,信息技术部,,18-24
E000111,51,女,硕士研究生,单身,信息技术部,,40=<
E000112,34,男,本科,单身,信息技术部,,30-34
E000113,54,女,本科,单身,人力资源部,,40=<
E000114,24,男,专科以下,已婚,研发部,,18-24
E000115,34,女,硕士研究生,离异,研发部,,30-34
E000116,37,男,本科,单身,销售部,,35-39
E000117,34,女,本科,单身,研发部,,30-34
E000118,36,女,专科,已婚,销售部,,35-39
E000119,36,女,专科,离异,研发部,入职,35-39
E000120,43,男,专科,已婚,销售部,,40=<
E000121,30,男,本科,离异,研发部,,30-34
E000122,33,男,专科,已婚,销售部,,30-34
E000123,56,女,硕士研究生,已婚,研发部,,40=<
E000124,51,男,本科,单身,研发部,入职,40=<
E000125,31,男,硕士研究生,已婚,销售部,,30-34
E000126,26,女,本科,已婚,研发部,,25-29
E000127,58,女,硕士研究生,已婚,研发部,,40=<
E000128,19,男,专科以下,单身,行政部,,18-24
E000129,22,男,专科以下,已婚,研发部,,18-24
E000130,49,女,硕士研究生,已婚,研发部,,40=<
E000131,43,女,本科,单身,研发部,,40=<
E000132,50,女,本科,单身,销售部,,40=<
E000133,31,女,本科,已婚,销售部,,30-34
E000134,41,男,专科以下,离异,销售部,入职,40=<
E000135,26,女,专科以下,已婚,人力资源部,,25-29
E000136,36,男,专科,离异,研发部,,35-39
E000137,51,男,硕士研究生,单身,研发部,,40=<
E000138,39,女,硕士研究生,已婚,行政部,,35-39
E000139,25,男,本科,已婚,销售部,,25-29
E000140,30,男,本科,已婚,财务部,,30-34
E000141,32,女,本科,单身,研发部,,30-34
E000142,45,男,本科,单身,研发部,,40=<
E000143,38,女,博士研究生,单身,研发部,,35-39
E000144,30,女,本科,单身,研发部,,30-34
E000145,32,男,专科,离异,销售部,,30-34
E000146,30,女,本科,离异,研发部,,30-34
E000147,30,男,专科以下,单身,研发部,,30-34
E000148,41,男,本科,离异,研发部,入职,40=<
E000149,41,男,硕士研究生,已婚,研发部,,40=<
E000150,19,女,专科以下,单身,研发部,,18-24
E000151,40,女,本科,离异,研发部,,40=<
E000152,35,男,博士研究生,已婚,销售部,,35-39
E000153,53,男,专科,已婚,行政部,,40=<
E000154,45,男,本科,离异,研发部,,40=<
E000155,32,女,本科,单身,销售部,,30-34
E000156,29,男,专科以下,已婚,研发部,,25-29
E000157,51,男,硕士研究生,已婚,研发部,,40=<
E000158,58,女,本科,已婚,研发部,,40=<
E000159,40,男,硕士研究生,已婚,销售部,,40=<
E000160,34,女,硕士研究生,已婚,销售部,,30-34
E000161,22,男,专科以下,已婚,研发部,,18-24
E000162,27,男,本科,离异,研发部,,25-29
E000163,28,男,本科,已婚,研发部,,25-29
E000164,57,男,专科,离异,研发部,入职,40=<
E000165,27,男,本科,离异,研发部,,25-29
E000166,50,女,本科,单身,研发部,,40=<
E000167,41,男,本科,离异,研发部,,40=<
E000168,30,女,本科,已婚,行政部,入职,30-34
E000169,38,女,硕士研究生,单身,销售部,,35-39
E000170,32,男,博士研究生,单身,研发部,,30-34
E000171,27,男,本科,已婚,研发部,,25-29
E000172,19,女,专科以下,单身,销售部,,18-24
E000173,36,男,专科,单身,研发部,,35-39
E000174,30,男,本科,离异,研发部,入职,30-34
E000175,45,女,专科,离异,行政部,,40=<
E000176,56,女,本科,离异,研发部,,40=<
E000177,33,男,本科,单身,研发部,,30-34
E000178,19,男,本科,单身,研发部,,18-24
E000179,46,女,专科,离异,销售部,,40=<
E000180,38,女,专科,单身,研发部,,35-39
E000181,31,女,专科以下,已婚,研发部,,30-34
E000182,34,女,专科,单身,研发部,,30-34
E000183,41,女,专科,单身,销售部,,40=<
E000184,50,男,本科,已婚,研发部,,40=<
E000185,53,女,专科,离异,研发部,,40=<
E000186,33,女,本科,已婚,研发部,,30-34
E000187,40,女,专科以下,已婚,研发部,,40=<
E000188,55,男,硕士研究生,单身,研发部,,40=<
E000189,34,男,专科以下,已婚,信息技术部,,30-34
E000190,51,女,本科,单身,信息技术部,,40=<
E000191,52,男,硕士研究生,已婚,信息技术部,,40=<
E000192,27,女,本科,单身,信息技术部,,25-29
E000193,35,男,专科,已婚,信息技术部,,35-39
E000194,43,男,本科,离异,信息技术部,,40=<
E000195,45,男,专科,已婚,信息技术部,,40=<
E000196,37,男,本科,已婚,信息技术部,,35-39
E000197,35,女,本科,单身,信息技术部,入职,35-39
E000198,42,女,专科,离异,信息技术部,,40=<
E000199,38,男,硕士研究生,已婚,信息技术部,,35-39
E000200,38,男,本科,已婚,信息技术部,,35-39
E000201,27,男,专科以下,已婚,信息技术部,,25-29
E000202,49,男,硕士研究生,离异,信息技术部,,40=<
E000203,34,男,硕士研究生,离异,信息技术部,,30-34
E000204,40,男,专科,已婚,信息技术部,,40=<
E000205,38,男,专科以下,已婚,信息技术部,,35-39
E000206,29,女,本科,已婚,销售部,,25-29
E000207,22,男,本科,离异,信息技术部,,18-24
E000208,36,女,专科以下,单身,信息技术部,,35-39
E000209,40,男,博士研究生,已婚,信息技术部,,40=<
E000210,46,男,硕士研究生,离异,信息技术部,,40=<
E000211,32,男,硕士研究生,已婚,销售部,,30-34
E000212,30,男,专科以下,单身,信息技术部,,30-34
E000213,27,女,本科,单身,行政部,,25-29
E000214,51,男,硕士研究生,已婚,信息技术部,,40=<
E000215,30,女,本科,单身,信息技术部,,30-34
E000216,41,女,本科,单身,销售部,,40=<
E000217,30,女,硕士研究生,单身,销售部,,30-34
E000218,29,男,本科,单身,信息技术部,入职,25-29
E000219,45,女,本科,单身,销售部,,40=<
E000220,54,女,本科,已婚,销售部,,40=<
E000221,36,男,专科,单身,信息技术部,,35-39
E000222,33,女,硕士研究生,已婚,信息技术部,,30-34
E000223,37,男,本科,离异,信息技术部,,35-39
E000224,38,男,本科,离异,销售部,,35-39
E000225,31,男,硕士研究生,已婚,研发部,,30-34
E000226,59,男,本科,已婚,研发部,,40=<
E000227,37,男,硕士研究生,离异,销售部,,35-39
E000228,29,女,专科以下,已婚,销售部,,25-29
E000229,35,女,本科,单身,销售部,,35-39
E000230,29,男,专科以下,单身,研发部,,25-29
E000231,52,女,本科,单身,研发部,,40=<
E000232,42,男,专科,已婚,信息技术部,,40=<
E000233,59,男,专科,已婚,人力资源部,,40=<
E000234,50,女,硕士研究生,离异,销售部,,40=<
E000235,33,男,本科,已婚,研发部,,30-34
E000236,43,女,本科,已婚,销售部,入职,40=<
E000237,33,女,专科,已婚,研发部,,30-34
E000238,52,男,硕士研究生,单身,销售部,,40=<
E000239,32,女,专科,已婚,销售部,,30-34
E000240,32,男,本科,单身,研发部,,30-34
E000241,39,女,硕士研究生,离异,研发部,,35-39
E000242,32,男,硕士研究生,已婚,销售部,,30-34
E000243,41,男,专科,离异,研发部,,40=<
E000244,40,男,专科,离异,研发部,,40=<
E000245,45,男,本科,已婚,研发部,,40=<
E000246,31,男,硕士研究生,离异,研发部,,30-34
E000247,33,女,硕士研究生,已婚,研发部,,30-34
E000248,34,男,硕士研究生,已婚,研发部,,30-34
E000249,37,女,专科,已婚,研发部,,35-39
E000250,45,男,硕士研究生,已婚,研发部,,40=<
E000251,37,男,本科,离异,研发部,入职,35-39
E000252,39,女,硕士研究生,单身,研发部,,35-39
E000253,29,男,本科,单身,研发部,,25-29
E000254,42,女,专科,单身,研发部,,40=<
E000255,29,男,专科,离异,销售部,,25-29
E000256,25,女,本科,已婚,研发部,,25-29
E000257,42,女,本科,离异,研发部,,40=<
E000258,40,男,专科,离异,研发部,,40=<
E000259,51,男,本科,已婚,研发部,,40=<
E000260,31,男,专科,单身,研发部,,30-34
E000261,32,男,本科,已婚,研发部,,30-34
E000262,38,男,专科,已婚,销售部,,35-39
E000263,32,男,专科以下,单身,研发部,,30-34
E000264,46,女,本科,已婚,销售部,,40=<
E000265,28,男,硕士研究生,单身,研发部,,25-29
E000266,29,男,本科,已婚,销售部,,25-29
E000267,31,男,本科,已婚,研发部,,30-34
E000268,25,男,专科,离异,研发部,,25-29
E000269,45,男,专科,已婚,研发部,,40=<
E000270,36,男,本科,已婚,研发部,,35-39
E000271,55,男,本科,单身,研发部,入职,40=<
E000272,47,男,硕士研究生,已婚,研发部,,40=<
E000273,28,男,本科,已婚,研发部,,25-29
E000274,37,男,硕士研究生,已婚,销售部,,35-39
E000275,21,男,专科,单身,研发部,,18-24
E000276,37,女,硕士研究生,离异,研发部,入职,35-39
E000277,35,女,本科,离异,研发部,,35-39
E000278,38,女,专科,离异,销售部,,35-39
E000279,26,女,本科,离异,研发部,,25-29
E000280,50,男,专科以下,离异,信息技术部,,40=<
E000281,53,男,硕士研究生,已婚,研发部,,40=<
E000282,42,男,专科以下,已婚,销售部,,40=<
E000283,29,男,专科,单身,销售部,,25-29
E000284,55,男,专科,已婚,研发部,,40=<
E000285,26,男,专科,已婚,研发部,,25-29
E000286,37,女,本科,单身,研发部,,35-39
E000287,44,男,本科,离异,研发部,,40=<
E000288,38,男,硕士研究生,离异,研发部,,35-39
E000289,26,男,硕士研究生,离异,研发部,,25-29
E000290,28,女,专科,单身,研发部,,25-29
E000291,49,女,硕士研究生,单身,研发部,,40=<
E000292,36,男,本科,单身,研发部,,35-39
E000293,31,女,本科,离异,销售部,,30-34
E000294,26,男,硕士研究生,单身,销售部,,25-29
E000295,37,男,本科,已婚,研发部,入职,35-39
E000296,42,女,本科,已婚,销售部,,40=<
E000297,18,男,本科,单身,研发部,,18-24
E000298,35,男,本科,已婚,销售部,,35-39
E000299,36,男,硕士研究生,已婚,研发部,,35-39
E000300,51,男,本科,离异,研发部,,40=<
E000301,41,男,硕士研究生,单身,销售部,,40=<
E000302,18,女,本科,单身,销售部,,18-24
E000303,28,男,专科,单身,研发部,,25-29
E000304,31,男,本科,已婚,销售部,,30-34
E000305,39,男,本科,离异,研发部,入职,35-39
E000306,36,女,硕士研究生,已婚,研发部,,35-39
E000307,32,男,本科,已婚,销售部,,30-34
E000308,38,女,专科,已婚,研发部,,35-39
E000309,58,男,硕士研究生,离异,研发部,,40=<
E000310,31,男,硕士研究生,已婚,研发部,,30-34
E000311,31,男,本科,已婚,人力资源部,,30-34
E000312,45,男,本科,离异,研发部,,40=<
E000313,31,男,硕士研究生,离异,研发部,,30-34
E000314,33,女,硕士研究生,已婚,研发部,,30-34
E000315,39,男,专科以下,已婚,研发部,,35-39
E000316,43,女,硕士研究生,单身,研发部,,40=<
E000317,49,女,专科,单身,研发部,,40=<
E000318,52,男,硕士研究生,已婚,研发部,,40=<
E000319,27,女,本科,单身,研发部,,25-29
E000320,32,女,专科,已婚,销售部,,30-34
E000321,27,男,本科,单身,销售部,,25-29
E000322,31,男,本科,离异,销售部,,30-34
E000323,32,女,硕士研究生,单身,研发部,,30-34
E000324,28,男,硕士研究生,已婚,研发部,,25-29
E000325,30,女,专科,已婚,研发部,入职,30-34
E000326,31,女,专科,已婚,研发部,,30-34
E000327,39,男,专科,已婚,研发部,,35-39
E000328,39,女,专科,已婚,销售部,,35-39
E000329,33,男,本科,单身,销售部,,30-34
E000330,47,男,博士研究生,已婚,研发部,,40=<
E000331,43,女,硕士研究生,离异,研发部,,40=<
E000332,27,男,专科以下,已婚,销售部,,25-29
E000333,54,女,硕士研究生,单身,研发部,,40=<
E000334,43,女,本科,已婚,研发部,入职,40=<
E000335,45,男,硕士研究生,已婚,研发部,,40=<
E000336,40,男,专科,已婚,销售部,,40=<
E000337,29,男,硕士研究生,已婚,研发部,,25-29
E000338,29,男,博士研究生,单身,研发部,,25-29
E000339,30,女,本科,离异,销售部,,30-34
E000340,27,女,硕士研究生,已婚,销售部,,25-29
E000341,37,男,专科,离异,研发部,,35-39
E000342,38,男,专科,离异,研发部,,35-39
E000343,31,女,硕士研究生,单身,研发部,,30-34
E000344,29,女,专科以下,离异,销售部,,25-29
E000345,35,男,硕士研究生,单身,研发部,,35-39
E000346,23,男,专科以下,离异,信息技术部,,18-24
E000347,41,男,本科,单身,研发部,,40=<
E000348,47,男,专科以下,单身,销售部,,40=<
E000349,42,女,博士研究生,单身,研发部,,40=<
E000350,29,男,本科,已婚,销售部,,25-29
E000351,42,男,专科以下,离异,人力资源部,,40=<
E000352,32,女,本科,已婚,信息技术部,入职,30-34
E000353,48,女,专科以下,已婚,销售部,,40=<
E000354,37,男,本科,离异,研发部,,35-39
E000355,30,女,专科,已婚,销售部,,30-34
E000356,26,男,本科,已婚,销售部,,25-29
E000357,42,男,硕士研究生,单身,研发部,,40=<
E000358,21,女,专科以下,单身,销售部,,18-24
E000359,36,女,博士研究生,单身,销售部,,35-39
E000360,36,男,硕士研究生,已婚,销售部,,35-39
E000361,57,男,硕士研究生,已婚,研发部,,40=<
E000362,40,女,硕士研究生,已婚,研发部,,40=<
E000363,21,男,专科,单身,销售部,,18-24
E000364,33,女,本科,单身,销售部,,30-34
E000365,37,女,本科,已婚,研发部,,35-39
E000366,46,女,硕士研究生,已婚,研发部,入职,40=<
E000367,41,男,本科,单身,销售部,,40=<
E000368,50,男,本科,单身,研发部,,40=<
E000369,40,男,专科,已婚,销售部,,40=<
E000370,31,男,硕士研究生,单身,研发部,,30-34
E000371,21,女,本科,单身,销售部,,18-24
E000372,29,男,本科,单身,研发部,,25-29
E000373,35,男,硕士研究生,单身,研发部,,35-39
E000374,27,男,专科,离异,研发部,,25-29
E000375,28,男,硕士研究生,单身,销售部,,25-29
E000376,49,男,本科,单身,研发部,,40=<
E000377,51,女,专科,已婚,销售部,,40=<
E000378,36,女,本科,已婚,研发部,,35-39
E000379,34,男,本科,单身,销售部,,30-34
E000380,55,女,本科,单身,研发部,,40=<
E000381,24,女,硕士研究生,离异,销售部,,18-24
E000382,30,男,专科以下,已婚,销售部,,30-34
E000383,26,男,专科以下,单身,研发部,入职,25-29
E000384,22,女,本科,已婚,研发部,,18-24
E000385,36,男,专科,已婚,销售部,,35-39
E000386,30,男,本科,单身,研发部,,30-34
E000387,37,女,本科,离异,研发部,,35-39
E000388,40,女,专科,离异,销售部,,40=<
E000389,42,女,硕士研究生,离异,研发部,,40=<
E000390,37,男,硕士研究生,单身,研发部,,35-39
E000391,43,男,本科,离异,研发部,,40=<
E000392,40,女,本科,已婚,研发部,,40=<
E000393,54,男,专科,已婚,研发部,,40=<
E000394,34,女,硕士研究生,已婚,销售部,,30-34
E000395,31,女,专科,已婚,研发部,,30-34
E000396,43,男,本科,已婚,研发部,,40=<
E000397,43,女,硕士研究生,离异,研发部,,40=<
E000398,25,女,专科,单身,销售部,,25-29
E000399,37,女,博士研究生,已婚,信息技术部,入职,35-39
E000400,31,男,专科,已婚,研发部,,30-34
E000401,39,男,专科以下,离异,研发部,,35-39
E000402,56,女,本科,已婚,销售部,,40=<
E000403,30,女,本科,单身,销售部,,30-34
E000404,41,男,本科,已婚,销售部,,40=<
E000405,28,男,专科,离异,研发部,,25-29
E000406,25,男,本科,已婚,研发部,,25-29
E000407,52,男,本科,已婚,研发部,,40=<
E000408,45,男,专科,已婚,研发部,,40=<
E000409,52,女,专科,已婚,研发部,,40=<
E000410,42,女,专科,离异,研发部,,40=<
E000411,30,女,本科,单身,研发部,入职,30-34
E000412,60,女,本科,已婚,研发部,,40=<
E000413,46,女,本科,离异,研发部,,40=<
E000414,42,女,硕士研究生,已婚,研发部,,40=<
E000415,24,女,专科以下,单身,销售部,,18-24
E000416,34,女,专科,离异,销售部,,30-34
E000417,38,男,专科,已婚,信息技术部,入职,35-39
E000418,40,女,硕士研究生,已婚,销售部,,40=<
E000419,26,女,本科,离异,研发部,,25-29
E000420,30,男,本科,已婚,研发部,,30-34
E000421,29,男,硕士研究生,已婚,研发部,,25-29
E000422,29,女,博士研究生,已婚,研发部,,25-29
E000423,19,男,专科,单身,人力资源部,,18-24
E000424,30,女,硕士研究生,已婚,销售部,,30-34
E000425,57,男,本科,离异,销售部,入职,40=<
E000426,50,男,硕士研究生,已婚,研发部,,40=<
E000427,30,女,本科,单身,研发部,,30-34
E000428,60,女,本科,已婚,销售部,,40=<
E000429,47,女,专科,离异,研发部,入职,40=<
E000430,46,男,本科,已婚,研发部,,40=<
E000431,35,男,本科,单身,研发部,,35-39
E000432,54,女,硕士研究生,单身,研发部,,40=<
E000433,34,男,硕士研究生,离异,研发部,,30-34
E000434,46,女,本科,已婚,销售部,,40=<
E000435,31,男,专科以下,离异,研发部,,30-34
E000436,33,男,专科以下,已婚,研发部,,30-34
E000437,33,男,专科以下,离异,研发部,,30-34
E000438,30,男,专科以下,单身,销售部,,30-34
E000439,35,男,本科,已婚,研发部,,35-39
E000440,31,男,本科,已婚,研发部,,30-34
E000441,34,女,本科,离异,财务部,,30-34
E000442,42,男,专科,已婚,研发部,,40=<
E000443,36,男,硕士研究生,单身,销售部,,35-39
E000444,22,男,专科以下,单身,研发部,入职,18-24
E000445,48,女,博士研究生,已婚,销售部,,40=<
E000446,55,女,博士研究生,单身,销售部,,40=<
E000447,41,男,专科,单身,销售部,,40=<
E000448,35,男,本科,已婚,销售部,,35-39
E000449,40,女,本科,单身,研发部,,40=<
E000450,39,女,专科以下,已婚,研发部,,35-39
E000451,31,男,专科以下,单身,销售部,,30-34
E000452,42,男,本科,已婚,研发部,,40=<
E000453,45,男,本科,已婚,销售部,,40=<
E000454,26,女,硕士研究生,离异,人力资源部,,25-29
E000455,29,男,本科,离异,研发部,,25-29
E000456,33,女,博士研究生,离异,研发部,入职,30-34
E000457,31,男,本科,离异,销售部,,30-34
E000458,18,男,本科,单身,销售部,,18-24
E000459,40,男,本科,离异,销售部,入职,40=<
E000460,41,女,硕士研究生,单身,研发部,,40=<
E000461,26,男,专科,离异,销售部,,25-29
E000462,35,女,本科,单身,销售部,,35-39
E000463,34,男,硕士研究生,单身,销售部,,30-34
E000464,26,男,本科,单身,研发部,,25-29
E000465,37,女,本科,单身,研发部,,35-39
E000466,46,女,专科以下,已婚,信息技术部,,40=<
E000467,41,女,博士研究生,已婚,销售部,,40=<
E000468,37,男,硕士研究生,离异,销售部,,35-39
E000469,52,男,专科,离异,研发部,,40=<
E000470,32,男,硕士研究生,已婚,销售部,,30-34
E000471,24,男,本科,已婚,销售部,,18-24
E000472,38,女,本科,已婚,研发部,,35-39
E000473,37,女,硕士研究生,已婚,研发部,,35-39
E000474,49,男,硕士研究生,离异,研发部,入职,40=<
E000475,24,男,本科,已婚,研发部,,18-24
E000476,26,男,专科,已婚,销售部,,25-29
E000477,24,男,专科,已婚,研发部,,18-24
E000478,50,男,本科,已婚,人力资源部,,40=<
E000479,25,男,专科以下,已婚,销售部,,25-29
E000480,24,女,本科,已婚,研发部,,18-24
E000481,30,男,硕士研究生,已婚,销售部,,30-34
E000482,34,男,专科,已婚,研发部,,30-34
E000483,31,男,硕士研究生,离异,销售部,,30-34
E000484,35,男,专科,单身,研发部,,35-39
E000485,31,男,硕士研究生,离异,销售部,,30-34
E000486,27,女,硕士研究生,离异,研发部,,25-29
E000487,37,男,本科,已婚,销售部,,35-39
E000488,20,女,本科,单身,研发部,,18-24
E000489,42,女,硕士研究生,已婚,研发部,,40=<
E000490,43,男,硕士研究生,离异,研发部,入职,40=<
E000491,38,女,专科以下,单身,研发部,,35-39
E000492,43,男,博士研究生,离异,研发部,,40=<
E000493,48,女,硕士研究生,已婚,研发部,,40=<
E000494,44,女,硕士研究生,单身,人力资源部,,40=<
E000495,34,女,本科,离异,销售部,,30-34
E000496,27,男,专科以下,离异,销售部,,25-29
E000497,21,男,专科以下,单身,销售部,,18-24
E000498,44,男,硕士研究生,已婚,研发部,,40=<
E000499,22,男,专科以下,已婚,信息技术部,,18-24
E000500,33,男,硕士研究生,离异,销售部,,30-34
E000501,32,女,硕士研究生,已婚,研发部,,30-34
E000502,30,女,本科,离异,研发部,,30-34
E000503,53,女,专科以下,单身,销售部,,40=<
E000504,34,男,博士研究生,已婚,研发部,,30-34
E000505,45,女,硕士研究生,已婚,销售部,,40=<
E000506,26,女,本科,已婚,研发部,,25-29
E000507,37,男,本科,已婚,研发部,,35-39
E000508,29,女,专科,已婚,销售部,,25-29
E000509,35,男,硕士研究生,单身,研发部,,35-39
E000510,33,男,本科,离异,信息技术部,,30-34
E000511,54,男,硕士研究生,已婚,财务部,,40=<
E000512,36,男,专科,离异,研发部,,35-39
E000513,27,男,硕士研究生,单身,研发部,,25-29
E000514,20,男,专科以下,单身,研发部,,18-24
E000515,33,男,本科,单身,研发部,,30-34
E000516,35,男,本科,已婚,研发部,,35-39
E000517,23,男,本科,已婚,研发部,,18-24
E000518,25,男,本科,已婚,销售部,,25-29
E000519,38,女,硕士研究生,单身,销售部,,35-39
E000520,29,男,硕士研究生,离异,研发部,,25-29
E000521,48,男,专科以下,已婚,销售部,,40=<
E000522,27,女,专科以下,离异,销售部,,25-29
E000523,37,男,专科,单身,研发部,,35-39
E000524,50,男,专科以下,已婚,研发部,,40=<
E000525,34,女,本科,单身,研发部,,30-34
E000526,24,女,专科,单身,销售部,,18-24
E000527,39,女,硕士研究生,单身,信息技术部,,35-39
E000528,32,男,本科,单身,销售部,,30-34
E000529,50,男,专科,已婚,销售部,,40=<
E000530,38,女,硕士研究生,单身,研发部,,35-39
E000531,27,女,专科,已婚,研发部,,25-29
E000532,32,女,专科,单身,研发部,,30-34
E000533,47,男,硕士研究生,单身,销售部,入职,40=<
E000534,40,男,硕士研究生,已婚,销售部,,40=<
E000535,53,男,本科,已婚,研发部,,40=<
E000536,41,男,硕士研究生,离异,人力资源部,,40=<
E000537,60,男,硕士研究生,单身,销售部,,40=<
E000538,27,男,专科,离异,研发部,,25-29
E000539,41,男,本科,已婚,人力资源部,,40=<
E000540,50,男,硕士研究生,已婚,销售部,,40=<
E000541,28,女,专科,单身,研发部,,25-29
E000542,36,女,本科,已婚,研发部,,35-39
E000543,38,女,本科,单身,研发部,,35-39
E000544,44,男,本科,单身,研发部,,40=<
E000545,47,女,本科,离异,销售部,,40=<
E000546,30,男,博士研究生,离异,销售部,,30-34
E000547,29,男,本科,单身,销售部,,25-29
E000548,42,男,本科,离异,研发部,,40=<
E000549,43,男,本科,已婚,销售部,,40=<
E000550,34,女,专科,单身,研发部,,30-34
E000551,23,男,专科以下,已婚,研发部,,18-24
E000552,39,女,本科,已婚,财务部,,35-39
E000553,56,男,本科,已婚,研发部,,40=<
E000554,40,女,专科以下,单身,信息技术部,,40=<
E000555,27,女,本科,单身,研发部,,25-29
E000556,29,男,本科,离异,销售部,,25-29
E000557,53,男,本科,单身,研发部,,40=<
E000558,35,女,硕士研究生,离异,研发部,,35-39
E000559,32,男,硕士研究生,已婚,研发部,,30-34
E000560,38,男,博士研究生,已婚,研发部,,35-39
E000561,34,女,博士研究生,离异,信息技术部,,30-34
E000562,52,男,硕士研究生,已婚,销售部,,40=<
E000563,33,男,硕士研究生,单身,研发部,入职,30-34
E000564,25,女,专科以下,单身,销售部,,25-29
E000565,45,男,专科,单身,销售部,,40=<
E000566,23,男,专科以下,单身,研发部,,18-24
E000567,47,女,专科,单身,销售部,,40=<
E000568,34,男,本科,单身,销售部,,30-34
E000569,55,男,本科,已婚,研发部,,40=<
E000570,36,男,硕士研究生,单身,销售部,,35-39
E000571,52,男,硕士研究生,已婚,研发部,,40=<
E000572,26,女,专科,离异,研发部,,25-29
E000573,29,女,本科,已婚,研发部,,25-29
E000574,26,男,本科,单身,销售部,,25-29
E000575,34,女,硕士研究生,单身,研发部,,30-34
E000576,54,女,硕士研究生,离异,研发部,,40=<
E000577,27,男,专科以下,已婚,销售部,,25-29
E000578,37,女,专科以下,离异,研发部,转入,35-39
E000579,38,女,硕士研究生,单身,研发部,,35-39
E000580,34,女,硕士研究生,单身,研发部,,30-34
E000581,35,女,硕士研究生,已婚,销售部,,35-39
E000582,30,男,本科,已婚,研发部,,30-34
E000583,40,女,专科,已婚,研发部,,40=<
E000584,34,女,专科,已婚,销售部,,30-34
E000585,42,男,本科,离异,研发部,转出,40=<
E000586,23,男,本科,已婚,研发部,,18-24
E000587,24,男,本科,离异,研发部,,18-24
E000588,52,女,硕士研究生,已婚,研发部,,40=<
E000589,50,男,本科,已婚,研发部,,40=<
E000590,29,女,专科,已婚,信息技术部,,25-29
E000591,33,男,本科,已婚,研发部,,30-34
E000592,33,女,本科,单身,销售部,,30-34
E000593,47,女,专科,已婚,研发部,,40=<
E000594,36,女,本科,已婚,研发部,,35-39
E000595,29,男,专科,已婚,研发部,,25-29
E000596,58,男,硕士研究生,单身,研发部,,40=<
E000597,35,女,硕士研究生,单身,研发部,,35-39
E000598,42,女,专科,已婚,研发部,,40=<
E000599,28,男,硕士研究生,单身,研发部,,25-29
E000600,36,男,本科,已婚,人力资源部,,35-39
E000601,32,女,本科,已婚,研发部,,30-34
E000602,40,男,硕士研究生,单身,研发部,,40=<
E000603,30,女,本科,单身,研发部,,30-34
E000604,45,女,本科,单身,研发部,,40=<
E000605,42,男,本科,已婚,研发部,,40=<
E000606,38,男,本科,离异,信息技术部,,35-39
E000607,34,女,硕士研究生,单身,研发部,,30-34
E000608,49,女,本科,已婚,销售部,,40=<
E000609,55,男,专科以下,单身,销售部,,40=<
E000610,43,男,专科,已婚,研发部,,40=<
E000611,27,男,专科以下,离异,研发部,,25-29
E000612,35,男,本科,单身,研发部,,35-39
E000613,28,女,硕士研究生,已婚,销售部,,25-29
E000614,34,男,专科,已婚,人力资源部,转入,30-34
E000615,26,女,专科,已婚,研发部,,25-29
E000616,27,男,本科,已婚,研发部,,25-29
E000617,51,女,硕士研究生,已婚,销售部,,40=<
E000618,44,男,本科,单身,研发部,,40=<
E000619,25,男,专科以下,单身,研发部,,25-29
E000620,33,男,本科,离异,销售部,,30-34
E000621,35,女,专科以下,单身,研发部,,35-39
E000622,36,男,专科,已婚,销售部,,35-39
E000623,32,男,硕士研究生,离异,销售部,,30-34
E000624,30,男,硕士研究生,离异,研发部,,30-34
E000625,53,女,专科,已婚,销售部,,40=<
E000626,45,男,本科,离异,销售部,,40=<
E000627,32,女,专科,已婚,研发部,,30-34
E000628,52,女,硕士研究生,已婚,研发部,,40=<
E000629,37,男,硕士研究生,离异,销售部,,35-39
E000630,28,男,专科,离异,人力资源部,,25-29
E000631,22,男,专科,已婚,研发部,,18-24
E000632,44,男,硕士研究生,已婚,信息技术部,,40=<
E000633,42,男,专科以下,单身,研发部,,40=<
E000634,36,男,本科,已婚,人力资源部,,35-39
E000635,25,男,专科以下,已婚,销售部,,25-29
E000636,35,女,本科,已婚,研发部,转出,35-39
E000637,35,女,硕士研究生,离异,研发部,,35-39
E000638,32,男,本科,离异,研发部,,30-34
E000639,25,男,专科以下,已婚,销售部,,25-29
E000640,49,女,本科,已婚,信息技术部,,40=<
E000641,24,男,专科以下,已婚,研发部,,18-24
E000642,32,男,专科,已婚,销售部,,30-34
E000643,38,男,本科,已婚,销售部,,35-39
E000644,42,女,本科,已婚,研发部,,40=<
E000645,31,男,硕士研究生,已婚,研发部,,30-34
E000646,29,女,本科,离异,销售部,,25-29
E000647,53,男,本科,已婚,销售部,,40=<
E000648,35,男,本科,已婚,研发部,,35-39
E000649,37,女,专科,已婚,销售部,,35-39
E000650,53,女,硕士研究生,单身,研发部,,40=<
E000651,43,女,本科,已婚,研发部,,40=<
E000652,47,女,专科,已婚,销售部,,40=<
E000653,37,男,专科,单身,销售部,,35-39
E000654,50,男,硕士研究生,离异,研发部,,40=<
E000655,39,女,本科,已婚,财务部,,35-39
E000656,33,男,专科,离异,人力资源部,,30-34
E000657,32,男,硕士研究生,单身,研发部,转入,30-34
E000658,29,女,专科以下,离异,研发部,,25-29
E000659,44,男,专科,已婚,研发部,,40=<
E000660,28,男,硕士研究生,单身,销售部,,25-29
E000661,58,男,专科以下,离异,研发部,,40=<
E000662,43,女,本科,离异,研发部,,40=<
E000663,20,女,本科,单身,销售部,,18-24
E000664,21,女,专科以下,单身,研发部,,18-24
E000665,36,男,专科以下,已婚,研发部,,35-39
E000666,47,女,硕士研究生,单身,销售部,,40=<
E000667,22,女,专科以下,已婚,研发部,,18-24
E000668,41,女,硕士研究生,离异,研发部,,40=<
E000669,28,女,本科,离异,研发部,,25-29
E000670,39,男,本科,已婚,研发部,,35-39
E000671,27,女,本科,单身,信息技术部,,25-29
E000672,34,男,本科,离异,研发部,,30-34
E000673,42,女,专科,单身,销售部,,40=<
E000674,33,男,硕士研究生,单身,研发部,,30-34
E000675,58,女,本科,离异,研发部,转出,40=<
E000676,31,男,硕士研究生,已婚,销售部,,30-34
E000677,35,女,专科以下,已婚,研发部,,35-39
E000678,49,女,专科,已婚,研发部,,40=<
E000679,48,男,硕士研究生,已婚,研发部,,40=<
E000680,31,女,专科,已婚,销售部,,30-34
E000681,36,男,硕士研究生,单身,研发部,,35-39
E000682,38,女,本科,已婚,研发部,,35-39
E000683,32,女,本科,已婚,研发部,,30-34
E000684,25,男,专科,已婚,销售部,,25-29
E000685,40,男,硕士研究生,离异,销售部,,40=<
E000686,26,男,本科,单身,销售部,,25-29
E000687,41,男,本科,单身,研发部,,40=<
E000688,36,男,硕士研究生,单身,研发部,,35-39
E000689,19,男,本科,单身,销售部,转入,18-24
E000690,20,男,本科,单身,研发部,,18-24
E000691,31,女,本科,已婚,研发部,,30-34
E000692,40,男,硕士研究生,离异,信息技术部,,40=<
E000693,32,女,硕士研究生,已婚,研发部,,30-34
E000694,36,男,专科以下,已婚,销售部,,35-39
E000695,33,女,本科,单身,研发部,,30-34
E000696,37,男,硕士研究生,已婚,销售部,,35-39
E000697,45,男,专科,已婚,研发部,,40=<
E000698,29,女,本科,已婚,销售部,,25-29
E000699,35,女,本科,已婚,销售部,,35-39
E000700,52,男,专科,已婚,研发部,,40=<
E000701,58,男,本科,单身,研发部,,40=<
E000702,53,男,专科,离异,销售部,,40=<
E000703,30,男,专科,离异,销售部,转出,30-34
E000704,38,女,本科,单身,销售部,,35-39
E000705,35,男,硕士研究生,离异,销售部,,35-39
E000706,39,男,博士研究生,单身,销售部,,35-39
E000707,40,女,本科,单身,销售部,,40=<
E000708,47,男,硕士研究生,离异,研发部,,40=<
E000709,36,男,硕士研究生,离异,销售部,,35-39
E000710,31,男,专科,单身,研发部,,30-34
E000711,33,男,本科,单身,销售部,,30-34
E000712,29,女,本科,单身,研发部,,25-29
E000713,33,女,专科以下,单身,研发部,,30-34
E000714,45,女,硕士研究生,离异,研发部,,40=<
E000715,50,男,专科,离异,研发部,,40=<
E000716,33,女,硕士研究生,已婚,研发部,,30-34
E000717,41,男,本科,离异,研发部,,40=<
E000718,27,女,硕士研究生,已婚,研发部,,25-29
E000719,45,男,专科,已婚,研发部,转入,40=<
E000720,47,女,专科,单身,销售部,,40=<
E000721,30,女,本科,已婚,研发部,,30-34
E000722,50,男,本科,已婚,研发部,,40=<
E000723,38,男,专科以下,已婚,研发部,,35-39
E000724,46,男,专科,离异,研发部,,40=<
E000725,24,女,专科以下,离异,研发部,,18-24
E000726,35,男,硕士研究生,离异,研发部,,35-39
E000727,31,女,专科以下,已婚,研发部,,30-34
E000728,18,男,专科,单身,信息技术部,,18-24
E000729,54,女,本科,已婚,研发部,,40=<
E000730,35,女,硕士研究生,离异,研发部,,35-39
E000731,30,女,专科,已婚,研发部,,30-34
E000732,20,女,本科,单身,信息技术部,,18-24
E000733,30,女,本科,单身,信息技术部,,30-34
E000734,26,男,专科,已婚,信息技术部,,25-29
E000735,22,男,专科以下,已婚,信息技术部,,18-24
E000736,48,男,本科,单身,信息技术部,,40=<
E000737,48,男,硕士研究生,单身,信息技术部,,40=<
E000738,41,女,专科,单身,信息技术部,转出,40=<
E000739,39,女,专科以下,已婚,信息技术部,,35-39
E000740,27,女,硕士研究生,已婚,信息技术部,,25-29
E000741,35,男,本科,离异,信息技术部,,35-39
E000742,42,男,专科,已婚,销售部,,40=<
E000743,50,男,本科,已婚,信息技术部,,40=<
E000744,59,女,本科,单身,信息技术部,,40=<
E000745,37,女,专科,已婚,信息技术部,,35-39
E000746,55,男,硕士研究生,已婚,信息技术部,,40=<
E000747,41,女,专科以下,离异,信息技术部,,40=<
E000748,38,男,硕士研究生,单身,销售部,,35-39
E000749,26,男,专科,单身,销售部,,25-29
E000750,52,女,专科以下,已婚,销售部,,40=<
E000751,44,女,本科,已婚,销售部,,40=<
E000752,50,女,本科,已婚,销售部,,40=<
E000753,36,女,硕士研究生,单身,信息技术部,,35-39
E000754,39,女,本科,单身,信息技术部,,35-39
E000755,33,女,专科以下,单身,销售部,,30-34
E000756,45,女,专科,已婚,销售部,,40=<
E000757,32,女,硕士研究生,单身,信息技术部,,30-34
E000758,34,男,硕士研究生,离异,销售部,,30-34
E000759,59,男,专科,已婚,销售部,,40=<
E000760,45,男,硕士研究生,单身,财务部,,40=<
E000761,53,女,本科,已婚,销售部,,40=<
E000762,36,男,本科,离异,信息技术部,,35-39
E000763,26,男,本科,已婚,信息技术部,,25-29
E000764,34,女,硕士研究生,已婚,销售部,,30-34
E000765,28,男,专科以下,已婚,销售部,,25-29
E000766,38,男,硕士研究生,已婚,信息技术部,,35-39
E000767,50,男,硕士研究生,已婚,信息技术部,,40=<
E000768,37,女,本科,单身,信息技术部,,35-39
E000769,40,男,本科,已婚,销售部,,40=<
E000770,26,女,专科以下,离异,信息技术部,,25-29
E000771,46,男,硕士研究生,离异,信息技术部,,40=<
E000772,54,女,硕士研究生,已婚,销售部,,40=<
E000773,56,女,本科,已婚,信息技术部,,40=<
E000774,36,女,博士研究生,单身,信息技术部,,35-39
E000775,55,男,专科以下,单身,信息技术部,,40=<
E000776,43,男,本科,离异,销售部,,40=<
E000777,20,女,本科,单身,销售部,,18-24
E000778,21,女,本科,单身,信息技术部,,18-24
E000779,46,女,硕士研究生,离异,信息技术部,,40=<
E000780,51,男,硕士研究生,已婚,信息技术部,,40=<
E000781,28,男,专科,单身,信息技术部,,25-29
E000782,26,男,专科,已婚,信息技术部,,25-29
E000783,30,男,本科,已婚,信息技术部,,30-34
E000784,41,女,专科,已婚,信息技术部,,40=<
E000785,38,女,专科以下,已婚,信息技术部,,35-39
E000786,40,男,硕士研究生,已婚,信息技术部,,40=<
E000787,27,男,博士研究生,已婚,信息技术部,,25-29
E000788,55,男,专科以下,已婚,信息技术部,,40=<
E000789,28,女,本科,单身,信息技术部,,25-29
E000790,44,男,专科,已婚,人力资源部,,40=<
E000791,33,男,本科,离异,信息技术部,,30-34
E000792,35,男,本科,单身,销售部,,35-39
E000793,33,女,硕士研究生,单身,信息技术部,,30-34
E000794,28,男,专科,离异,信息技术部,,25-29
E000795,34,男,专科以下,单身,信息技术部,,30-34
E000796,37,女,硕士研究生,离异,销售部,,35-39
E000797,25,男,专科以下,已婚,信息技术部,,25-29
E000798,26,男,本科,离异,信息技术部,,25-29
E000799,33,男,本科,单身,信息技术部,,30-34
E000800,42,男,专科,已婚,信息技术部,,40=<
E000801,28,男,本科,离异,信息技术部,,25-29
E000802,50,男,硕士研究生,单身,销售部,,40=<
E000803,33,女,本科,已婚,销售部,,30-34
E000804,34,男,硕士研究生,已婚,信息技术部,,30-34
E000805,48,男,硕士研究生,单身,信息技术部,,40=<
E000806,45,女,硕士研究生,已婚,销售部,,40=<
E000807,52,男,硕士研究生,单身,信息技术部,,40=<
E000808,38,男,硕士研究生,离异,销售部,,35-39
E000809,29,女,硕士研究生,离异,信息技术部,,25-29
E000810,28,女,本科,离异,信息技术部,,25-29
E000811,46,男,专科以下,已婚,销售部,,40=<
E000812,38,男,专科,单身,销售部,,35-39
E000813,43,女,本科,已婚,信息技术部,,40=<
E000814,39,男,本科,离异,信息技术部,,35-39
E000815,40,男,本科,单身,信息技术部,,40=<
E000816,21,女,专科以下,单身,信息技术部,,18-24
E000817,39,男,本科,单身,信息技术部,,35-39
E000818,36,男,硕士研究生,单身,信息技术部,,35-39
E000819,31,男,本科,已婚,销售部,,30-34
E000820,28,男,专科以下,已婚,信息技术部,,25-29
E000821,35,男,专科,离异,销售部,,35-39
E000822,49,男,硕士研究生,已婚,销售部,,40=<
E000823,34,男,专科,单身,信息技术部,,30-34
E000824,29,女,本科,离异,信息技术部,,25-29
E000825,42,男,本科,单身,信息技术部,,40=<
E000826,29,男,专科以下,已婚,信息技术部,,25-29
E000827,38,男,本科,已婚,人力资源部,,35-39
E000828,28,男,本科,离异,信息技术部,,25-29
E000829,18,男,专科以下,单身,信息技术部,,18-24
E000830,33,女,硕士研究生,单身,销售部,,30-34
E000831,41,男,硕士研究生,已婚,信息技术部,,40=<
E000832,31,男,本科,已婚,信息技术部,,30-34
E000833,37,女,专科,离异,信息技术部,,35-39
E000834,27,男,本科,已婚,信息技术部,,25-29
E000835,34,女,专科以下,已婚,销售部,,30-34
E000836,35,男,硕士研究生,单身,人力资源部,,35-39
E000837,29,女,专科以下,已婚,销售部,,25-29
E000838,40,女,硕士研究生,单身,信息技术部,,40=<
E000839,42,男,本科,单身,销售部,,40=<
E000840,42,男,硕士研究生,单身,销售部,,40=<
E000841,35,男,硕士研究生,已婚,信息技术部,,35-39
E000842,24,男,本科,单身,信息技术部,,18-24
E000843,28,女,专科以下,已婚,信息技术部,,25-29
E000844,26,男,硕士研究生,已婚,信息技术部,,25-29
E000845,30,男,本科,已婚,销售部,,30-34
E000846,40,女,专科,已婚,信息技术部,,40=<
E000847,35,男,本科,离异,信息技术部,,35-39
E000848,34,男,本科,单身,信息技术部,,30-34
E000849,35,男,硕士研究生,已婚,信息技术部,,35-39
E000850,43,女,本科,单身,销售部,,40=<
E000851,32,女,专科以下,离异,销售部,,30-34
E000852,56,女,硕士研究生,离异,信息技术部,,40=<
E000853,29,女,专科以下,已婚,信息技术部,,25-29
E000854,19,男,专科,单身,信息技术部,,18-24
E000855,45,女,本科,已婚,信息技术部,,40=<
E000856,37,女,本科,已婚,信息技术部,,35-39
E000857,20,男,本科,单身,信息技术部,,18-24
E000858,44,男,硕士研究生,单身,信息技术部,,40=<
E000859,53,女,专科,离异,研发部,,40=<
E000860,29,女,专科以下,已婚,研发部,,25-29
E000861,22,男,硕士研究生,已婚,研发部,,18-24
E000862,46,女,本科,已婚,销售部,,40=<
E000863,44,男,本科,单身,研发部,,40=<
E000864,33,男,本科,已婚,人力资源部,,30-34
E000865,41,男,专科,离异,研发部,,40=<
E000866,30,男,硕士研究生,离异,销售部,,30-34
E000867,40,男,硕士研究生,已婚,销售部,,40=<
E000868,50,女,本科,已婚,研发部,,40=<
E000869,28,男,硕士研究生,已婚,研发部,,25-29
E000870,46,男,专科,已婚,研发部,,40=<
E000871,35,男,硕士研究生,已婚,销售部,,35-39
E000872,24,女,专科,已婚,研发部,,18-24
E000873,33,女,本科,已婚,销售部,,30-34
E000874,36,男,硕士研究生,离异,研发部,,35-39
E000875,30,男,硕士研究生,离异,研发部,,30-34
E000876,44,男,硕士研究生,单身,研发部,,40=<
E000877,20,男,本科,单身,销售部,,18-24
E000878,46,男,硕士研究生,离异,研发部,,40=<
E000879,42,男,博士研究生,已婚,人力资源部,,40=<
E000880,60,男,硕士研究生,离异,销售部,,40=<
E000881,32,女,本科,已婚,研发部,,30-34
E000882,32,女,专科,单身,研发部,,30-34
E000883,36,女,本科,离异,研发部,,35-39
E000884,33,男,本科,已婚,研发部,,30-34
E000885,40,女,本科,离异,销售部,,40=<
E000886,25,男,硕士研究生,单身,销售部,,25-29
E000887,30,男,本科,已婚,研发部,,30-34
E000888,42,女,博士研究生,已婚,研发部,,40=<
E000889,35,女,专科,已婚,销售部,,35-39
E000890,27,男,本科,已婚,研发部,,25-29
E000891,54,女,硕士研究生,离异,研发部,,40=<
E000892,44,女,专科以下,已婚,研发部,,40=<
E000893,19,女,本科,单身,研发部,,18-24
E000894,29,女,本科,离异,研发部,,25-29
E000895,54,男,本科,已婚,研发部,,40=<
E000896,31,男,专科,已婚,研发部,,30-34
E000897,31,女,本科,单身,研发部,,30-34
E000898,59,女,本科,单身,销售部,,40=<
E000899,43,男,本科,已婚,研发部,,40=<
E000900,49,男,专科,已婚,研发部,,40=<
E000901,36,男,本科,已婚,研发部,,35-39
E000902,48,男,专科,单身,研发部,,40=<
E000903,27,男,专科,离异,研发部,,25-29
E000904,29,男,本科,离异,研发部,,25-29
E000905,48,男,本科,单身,研发部,,40=<
E000906,29,女,本科,离异,研发部,,25-29
E000907,34,女,本科,已婚,研发部,,30-34
E000908,44,男,本科,已婚,销售部,,40=<
E000909,33,男,博士研究生,离异,销售部,,30-34
E000910,19,女,本科,单身,研发部,,18-24
E000911,23,男,专科,已婚,研发部,,18-24
E000912,25,男,专科以下,单身,销售部,,25-29
E000913,26,男,专科,单身,研发部,,25-29
E000914,45,女,本科,单身,销售部,,40=<
E000915,55,男,专科以下,离异,研发部,,40=<
E000916,21,女,专科,单身,研发部,,18-24
E000917,46,女,专科,已婚,销售部,,40=<
E000918,34,女,本科,单身,销售部,,30-34
E000919,51,男,本科,离异,销售部,,40=<
E000920,59,男,硕士研究生,单身,研发部,,40=<
E000921,34,女,本科,离异,研发部,,30-34
E000922,28,男,硕士研究生,单身,研发部,,25-29
E000923,44,男,专科,离异,研发部,,40=<
E000924,34,男,本科,已婚,人力资源部,,30-34
E000925,35,男,专科以下,已婚,研发部,,35-39
E000926,42,女,硕士研究生,已婚,研发部,,40=<
E000927,43,女,硕士研究生,单身,销售部,,40=<
E000928,36,女,硕士研究生,单身,研发部,,35-39
E000929,44,女,本科,已婚,研发部,,40=<
E000930,28,男,本科,已婚,研发部,,25-29
E000931,51,女,专科,单身,研发部,,40=<
E000932,30,女,专科,单身,研发部,,30-34
E000933,29,女,本科,离异,研发部,,25-29
E000934,28,男,本科,单身,研发部,,25-29
E000935,25,女,本科,单身,研发部,,25-29
E000936,32,男,本科,已婚,销售部,,30-34
E000937,45,女,本科,单身,研发部,,40=<
E000938,39,女,硕士研究生,离异,研发部,,35-39
E000939,58,男,硕士研究生,离异,研发部,,40=<
E000940,32,男,专科,已婚,研发部,,30-34
E000941,39,男,本科,单身,研发部,,35-39
E000942,30,女,本科,已婚,研发部,,30-34
E000943,36,女,硕士研究生,已婚,研发部,,35-39
E000944,46,女,专科,单身,人力资源部,,40=<
E000945,28,女,本科,已婚,研发部,,25-29
E000946,50,女,本科,已婚,研发部,,40=<
E000947,40,男,硕士研究生,单身,销售部,,40=<
E000948,52,男,本科,单身,销售部,,40=<
E000949,30,女,硕士研究生,已婚,研发部,,30-34
E000950,39,男,专科,单身,研发部,,35-39
E000951,31,女,硕士研究生,离异,销售部,,30-34
E000952,41,男,专科,单身,销售部,,40=<
E000953,31,女,本科,单身,销售部,,30-34
E000954,44,男,本科,已婚,研发部,,40=<
E000955,42,男,专科以下,已婚,研发部,,40=<
E000956,55,女,专科,已婚,研发部,,40=<
E000957,56,男,硕士研究生,单身,财务部,,40=<
E000958,40,男,专科,离异,研发部,,40=<
E000959,34,男,本科,离异,研发部,,30-34
E000960,40,男,本科,单身,研发部,,40=<
E000961,41,女,本科,离异,销售部,,40=<
E000962,35,男,硕士研究生,单身,研发部,,35-39
E000963,51,男,本科,离异,人力资源部,,40=<
E000964,38,女,专科,离异,销售部,,35-39
E000965,34,女,专科,单身,销售部,,30-34
E000966,25,男,专科以下,已婚,研发部,,25-29
E000967,58,女,硕士研究生,已婚,研发部,,40=<
E000968,40,男,硕士研究生,已婚,研发部,,40=<
E000969,36,女,本科,已婚,销售部,,35-39
E000970,48,男,本科,单身,研发部,,40=<
E000971,27,女,本科,已婚,销售部,,25-29
E000972,51,女,专科,单身,研发部,,40=<
E000973,18,女,本科,单身,研发部,,18-24
E000974,35,女,本科,已婚,研发部,,35-39
E000975,27,男,专科以下,单身,销售部,,25-29
E000976,55,男,硕士研究生,单身,销售部,,40=<
E000977,56,男,本科,已婚,研发部,,40=<
E000978,34,女,专科以下,离异,研发部,,30-34
E000979,40,女,专科以下,离异,研发部,,40=<
E000980,34,男,本科,已婚,研发部,,30-34
E000981,31,女,本科,单身,销售部,,30-34
E000982,35,女,硕士研究生,已婚,销售部,,35-39
E000983,38,男,本科,离异,研发部,,35-39
E000984,34,女,硕士研究生,单身,研发部,,30-34
E000985,28,男,本科,已婚,销售部,,25-29
E000986,31,男,硕士研究生,已婚,研发部,,30-34
E000987,39,男,硕士研究生,已婚,销售部,,35-39
E000988,51,男,本科,已婚,销售部,,40=<
E000989,41,女,本科,离异,研发部,,40=<
E000990,37,男,专科以下,已婚,研发部,,35-39
E000991,33,男,专科以下,已婚,销售部,,30-34
E000992,32,男,专科以下,已婚,销售部,,30-34
E000993,39,男,专科,已婚,研发部,,35-39
E000994,25,男,专科以下,已婚,销售部,,25-29
E000995,52,女,专科,已婚,研发部,,40=<
E000996,43,女,本科,单身,研发部,,40=<
E000997,27,女,本科,已婚,销售部,,25-29
E000998,27,女,硕士研究生,单身,研发部,,25-29
E000999,26,男,专科以下,单身,研发部,,25-29
E001000,42,女,本科,已婚,人力资源部,,40=<
E001001,52,女,硕士研究生,已婚,研发部,,40=<
E001002,37,女,本科,单身,研发部,,35-39
E001003,35,男,专科,单身,研发部,,35-39
E001004,25,男,本科,已婚,研发部,,25-29
E001005,26,男,本科,单身,研发部,,25-29
E001006,29,男,本科,单身,财务部,,25-29
E001007,49,男,专科,单身,研发部,,40=<
E001008,29,女,专科以下,单身,研发部,,25-29
E001009,54,女,本科,单身,研发部,,40=<
E001010,58,女,本科,已婚,研发部,,40=<
E001011,55,男,硕士研究生,离异,研发部,,40=<
E001012,36,女,硕士研究生,单身,销售部,,35-39
E001013,31,女,硕士研究生,单身,销售部,,30-34
E001014,30,女,硕士研究生,离异,销售部,,30-34
E001015,31,女,博士研究生,单身,研发部,,30-34
E001016,34,男,硕士研究生,离异,研发部,,30-34
E001017,31,女,本科,单身,研发部,,30-34
E001018,27,男,专科以下,已婚,研发部,,25-29
E001019,36,男,硕士研究生,单身,研发部,,35-39
E001020,36,女,硕士研究生,已婚,销售部,,35-39
E001021,47,男,本科,已婚,研发部,,40=<
E001022,25,男,专科,已婚,销售部,,25-29
E001023,37,男,专科,单身,研发部,,35-39
E001024,56,女,专科,已婚,研发部,,40=<
E001025,47,女,硕士研究生,已婚,研发部,,40=<
E001026,24,女,专科以下,已婚,销售部,,18-24
E001027,32,男,博士研究生,已婚,销售部,,30-34
E001028,34,女,本科,已婚,研发部,,30-34
E001029,41,男,博士研究生,已婚,研发部,,40=<
E001030,40,男,硕士研究生,离异,研发部,,40=<
E001031,31,男,专科,离异,销售部,,30-34
E001032,46,男,本科,离异,销售部,,40=<
E001033,39,女,本科,单身,研发部,,35-39
E001034,31,女,博士研究生,单身,研发部,,30-34
E001035,45,男,本科,离异,研发部,,40=<
E001036,31,女,专科,单身,财务部,,30-34
E001037,31,男,本科,已婚,研发部,,30-34
E001038,45,男,本科,已婚,研发部,,40=<
E001039,48,男,本科,离异,销售部,,40=<
E001040,34,女,硕士研究生,已婚,财务部,,30-34
E001041,40,男,专科以下,离异,研发部,,40=<
E001042,28,男,本科,单身,销售部,,25-29
E001043,44,男,本科,单身,研发部,,40=<
E001044,53,男,本科,单身,研发部,,40=<
E001045,49,男,硕士研究生,已婚,研发部,,40=<
E001046,40,男,本科,离异,研发部,,40=<
E001047,44,男,本科,单身,研发部,,40=<
E001048,33,男,本科,已婚,销售部,,30-34
E001049,34,男,本科,单身,销售部,,30-34
E001050,30,男,专科以下,已婚,销售部,,30-34
E001051,42,女,专科,单身,研发部,,40=<
E001052,44,女,博士研究生,已婚,销售部,,40=<
E001053,30,男,本科,离异,研发部,,30-34
E001054,57,男,专科,已婚,研发部,,40=<
E001055,49,男,硕士研究生,离异,研发部,,40=<
E001056,34,男,本科,离异,研发部,,30-34
E001057,28,男,本科,已婚,销售部,,25-29
E001058,29,女,本科,单身,销售部,,25-29
E001059,34,女,硕士研究生,单身,销售部,,30-34
E001060,35,男,专科以下,已婚,销售部,,35-39
E001061,24,男,本科,单身,研发部,,18-24
E001062,24,女,专科,已婚,销售部,,18-24
E001063,44,男,专科以下,单身,研发部,,40=<
E001064,29,男,本科,离异,销售部,,25-29
E001065,30,男,本科,离异,财务部,,30-34
E001066,55,男,硕士研究生,已婚,研发部,,40=<
E001067,33,女,硕士研究生,已婚,研发部,,30-34
E001068,47,女,本科,已婚,销售部,,40=<
E001069,28,男,专科,单身,研发部,,25-29
E001070,28,男,本科,离异,研发部,,25-29
E001071,28,男,本科,单身,销售部,,25-29
E001072,49,女,专科,已婚,研发部,,40=<
E001073,29,女,专科以下,已婚,研发部,,25-29
E001074,28,男,专科以下,已婚,研发部,,25-29
E001075,33,男,博士研究生,单身,研发部,,30-34
E001076,32,男,本科,单身,研发部,,30-34
E001077,54,女,硕士研究生,离异,研发部,,40=<
E001078,29,男,硕士研究生,单身,研发部,,25-29
E001079,44,男,本科,已婚,研发部,,40=<
E001080,39,女,本科,单身,研发部,,35-39
E001081,46,女,本科,已婚,销售部,,40=<
E001082,35,女,本科,单身,研发部,,35-39
E001083,23,男,专科以下,单身,研发部,,18-24
E001084,40,男,硕士研究生,单身,研发部,,40=<
E001085,34,男,本科,已婚,销售部,,30-34
E001086,31,女,本科,单身,研发部,,30-34
E001087,50,男,博士研究生,单身,研发部,,40=<
E001088,34,男,专科,已婚,销售部,,30-34
E001089,42,男,本科,已婚,研发部,,40=<
E001090,37,男,本科,已婚,研发部,,35-39
E001091,29,女,专科以下,已婚,研发部,,25-29
E001092,33,男,本科,单身,研发部,,30-34
E001093,45,男,本科,已婚,研发部,,40=<
E001094,42,男,本科,已婚,研发部,,40=<
E001095,40,男,专科,已婚,销售部,,40=<
E001096,33,男,硕士研究生,已婚,研发部,,30-34
E001097,40,男,专科,单身,财务部,,40=<
E001098,24,男,专科,离异,研发部,,18-24
E001099,40,男,专科,离异,研发部,,40=<
E001100,45,男,硕士研究生,离异,研发部,,40=<
E001101,35,女,硕士研究生,已婚,销售部,,35-39
E001102,32,女,专科,已婚,研发部,,30-34
E001103,36,男,硕士研究生,单身,销售部,,35-39
E001104,48,女,硕士研究生,离异,销售部,,40=<
E001105,29,男,本科,已婚,研发部,,25-29
E001106,33,男,硕士研究生,已婚,销售部,,30-34
E001107,30,男,本科,已婚,销售部,,30-34
E001108,38,男,硕士研究生,已婚,财务部,,35-39
E001109,35,男,本科,单身,研发部,,35-39
E001110,30,男,硕士研究生,已婚,销售部,,30-34
E001111,35,女,本科,离异,研发部,,35-39
E001112,53,女,博士研究生,已婚,研发部,,40=<
E001113,38,男,本科,已婚,研发部,,35-39
E001114,32,男,硕士研究生,已婚,研发部,,30-34
E001115,48,女,硕士研究生,已婚,研发部,,40=<
E001116,34,男,硕士研究生,单身,研发部,,30-34
E001117,55,男,博士研究生,已婚,销售部,,40=<
E001118,34,男,硕士研究生,已婚,研发部,,30-34
E001119,26,女,本科,已婚,研发部,,25-29
E001120,38,男,本科,已婚,销售部,,35-39
E001121,38,女,本科,单身,销售部,,35-39
E001122,36,女,硕士研究生,单身,销售部,,35-39
E001123,29,男,专科以下,单身,研发部,,25-29
E001124,35,女,硕士研究生,单身,研发部,,35-39
E001125,39,男,本科,已婚,销售部,,35-39
E001126,29,男,专科以下,离异,研发部,,25-29
E001127,50,男,本科,已婚,销售部,,40=<
E001128,23,男,本科,已婚,研发部,,18-24
E001129,36,男,硕士研究生,已婚,研发部,,35-39
E001130,42,男,专科,单身,研发部,,40=<
E001131,35,男,本科,已婚,研发部,,35-39
E001132,34,男,硕士研究生,已婚,研发部,,30-34
E001133,40,女,专科,已婚,销售部,,40=<
E001134,43,男,本科,离异,研发部,,40=<
E001135,35,男,专科,已婚,研发部,,35-39
E001136,46,男,硕士研究生,单身,销售部,,40=<
E001137,28,男,本科,已婚,研发部,,25-29
E001138,22,女,专科,已婚,研发部,,18-24
E001139,50,男,博士研究生,已婚,研发部,,40=<
E001140,32,女,硕士研究生,已婚,研发部,,30-34
E001141,44,女,本科,离异,研发部,,40=<
E001142,30,男,本科,已婚,研发部,,30-34
E001143,45,女,博士研究生,单身,研发部,,40=<
E001144,45,男,本科,已婚,销售部,,40=<
E001145,31,男,硕士研究生,单身,销售部,,30-34
E001146,36,女,硕士研究生,已婚,研发部,,35-39
E001147,34,男,硕士研究生,离异,研发部,,30-34
E001148,49,女,硕士研究生,已婚,研发部,,40=<
E001149,39,男,博士研究生,已婚,研发部,,35-39
E001150,27,男,本科,离异,研发部,,25-29
E001151,35,男,博士研究生,已婚,研发部,,35-39
E001152,28,女,本科,离异,研发部,,25-29
E001153,21,男,专科以下,单身,研发部,,18-24
E001154,18,女,专科,单身,销售部,,18-24
E001155,47,女,硕士研究生,已婚,财务部,,40=<
E001156,39,男,专科,离异,研发部,,35-39
E001157,40,女,本科,已婚,研发部,,40=<
E001158,35,女,硕士研究生,已婚,研发部,,35-39
E001159,37,男,本科,已婚,研发部,,35-39
E001160,39,女,本科,单身,研发部,,35-39
E001161,45,女,专科,离异,研发部,,40=<
E001162,38,女,专科,已婚,研发部,,35-39
E001163,35,男,本科,已婚,销售部,,35-39
E001164,37,女,本科,已婚,研发部,,35-39
E001165,40,女,本科,单身,研发部,,40=<
E001166,44,男,博士研究生,已婚,财务部,,40=<
E001167,48,男,博士研究生,已婚,研发部,,40=<
E001168,35,男,专科,离异,销售部,,35-39
E001169,24,女,专科以下,单身,研发部,,18-24
E001170,27,女,本科,已婚,研发部,,25-29
E001171,27,男,本科,单身,研发部,,25-29
E001172,40,男,本科,单身,研发部,,40=<
E001173,29,男,本科,单身,销售部,,25-29
E001174,36,女,硕士研究生,已婚,研发部,,35-39
E001175,25,男,专科以下,离异,研发部,,25-29
E001176,39,男,本科,已婚,研发部,,35-39
E001177,49,女,硕士研究生,已婚,研发部,,40=<
E001178,50,女,博士研究生,离异,研发部,,40=<
E001179,20,女,本科,单身,销售部,,18-24
E001180,34,女,本科,离异,研发部,,30-34
E001181,36,男,本科,单身,研发部,,35-39
E001182,49,女,专科以下,已婚,研发部,,40=<
E001183,36,女,硕士研究生,已婚,研发部,,35-39
E001184,36,男,专科,离异,研发部,,35-39
E001185,54,女,博士研究生,已婚,研发部,,40=<
E001186,43,男,专科,已婚,研发部,,40=<
E001187,35,男,硕士研究生,单身,销售部,,35-39
E001188,38,男,本科,已婚,研发部,,35-39
E001189,29,男,本科,离异,销售部,,25-29
E001190,33,男,硕士研究生,离异,销售部,,30-34
E001191,32,男,本科,离异,研发部,,30-34
E001192,31,女,硕士研究生,已婚,销售部,,30-34
E001193,49,女,本科,离异,研发部,,40=<
E001194,38,女,本科,单身,研发部,,35-39
E001195,47,女,硕士研究生,离异,销售部,,40=<
E001196,49,男,本科,单身,研发部,,40=<
E001197,41,男,专科,单身,销售部,,40=<
E001198,20,男,专科以下,单身,销售部,,18-24
E001199,33,女,本科,离异,销售部,,30-34
E001200,36,男,硕士研究生,已婚,研发部,,35-39
E001201,44,女,本科,离异,财务部,,40=<
E001202,23,男,专科以下,单身,研发部,,18-24
E001203,38,女,专科,已婚,研发部,,35-39
E001204,53,男,硕士研究生,已婚,研发部,,40=<
E001205,48,女,专科,已婚,销售部,,40=<
E001206,32,男,硕士研究生,单身,研发部,,30-34
E001207,26,男,本科,单身,研发部,,25-29
E001208,55,男,本科,离异,研发部,,40=<
E001209,34,男,专科,已婚,研发部,,30-34
E001210,60,男,硕士研究生,离异,研发部,,40=<
E001211,33,男,本科,已婚,研发部,,30-34
E001212,37,男,硕士研究生,离异,销售部,,35-39
E001213,34,女,本科,已婚,研发部,,30-34
E001214,23,男,本科,离异,销售部,,18-24
E001215,44,女,本科,已婚,研发部,,40=<
E001216,35,男,硕士研究生,单身,研发部,,35-39
E001217,43,男,本科,已婚,销售部,,40=<
E001218,24,男,本科,已婚,研发部,,18-24
E001219,41,男,本科,单身,销售部,,40=<
E001220,29,女,硕士研究生,已婚,研发部,,25-29
E001221,36,女,硕士研究生,单身,销售部,,35-39
E001222,45,男,专科以下,已婚,研发部,,40=<
E001223,24,男,专科以下,已婚,财务部,,18-24
E001224,47,男,本科,已婚,销售部,,40=<
E001225,26,男,硕士研究生,已婚,研发部,,25-29
E001226,45,女,专科,单身,研发部,,40=<
E001227,32,男,本科,已婚,研发部,,30-34
E001228,31,男,硕士研究生,已婚,研发部,,30-34
E001229,41,男,本科,已婚,人力资源部,,40=<
E001230,40,女,专科,已婚,研发部,,40=<
E001231,24,男,专科以下,离异,研发部,,18-24
E001232,46,男,硕士研究生,单身,研发部,,40=<
E001233,35,男,硕士研究生,已婚,研发部,,35-39
E001234,30,男,专科以下,已婚,研发部,,30-34
E001235,47,男,硕士研究生,已婚,销售部,,40=<
E001236,46,男,本科,离异,销售部,,40=<
E001237,36,男,博士研究生,离异,销售部,,35-39
E001238,32,男,专科,单身,销售部,,30-34
E001239,23,女,专科以下,单身,研发部,,18-24
E001240,31,女,专科以下,单身,研发部,,30-34
E001241,39,男,本科,已婚,研发部,,35-39
E001242,32,男,本科,已婚,销售部,,30-34
E001243,40,男,硕士研究生,单身,销售部,,40=<
E001244,45,女,本科,已婚,人力资源部,,40=<
E001245,30,女,硕士研究生,单身,研发部,,30-34
E001246,24,男,本科,已婚,人力资源部,,18-24
E001247,30,女,本科,离异,人力资源部,,30-34
E001248,31,男,本科,已婚,销售部,,30-34
E001249,27,女,本科,单身,研发部,,25-29
E001250,29,女,本科,单身,销售部,,25-29
E001251,29,男,本科,单身,研发部,,25-29
E001252,30,男,专科,离异,销售部,,30-34
E001253,34,男,硕士研究生,已婚,研发部,,30-34
E001254,33,女,本科,单身,销售部,,30-34
E001255,49,女,硕士研究生,单身,销售部,,40=<
E001256,33,女,本科,单身,销售部,,30-34
E001257,38,女,专科,已婚,研发部,,35-39
E001258,31,男,硕士研究生,已婚,销售部,,30-34
E001259,29,女,本科,离异,研发部,,25-29
E001260,30,男,本科,已婚,研发部,,30-34
E001261,32,男,硕士研究生,单身,研发部,,30-34
E001262,38,男,本科,已婚,研发部,,35-39
E001263,43,男,本科,已婚,研发部,,40=<
E001264,42,男,本科,离异,研发部,,40=<
E001265,55,男,本科,已婚,研发部,,40=<
E001266,33,男,本科,离异,研发部,,30-34
E001267,41,男,硕士研究生,离异,研发部,,40=<
E001268,34,男,本科,离异,销售部,,30-34
E001269,53,女,硕士研究生,已婚,研发部,,40=<
E001270,43,男,本科,单身,人力资源部,,40=<
E001271,34,女,专科,单身,销售部,,30-34
E001272,21,男,专科以下,单身,销售部,,18-24
E001273,38,女,专科,已婚,研发部,,35-39
E001274,22,女,专科以下,已婚,研发部,,18-24
E001275,31,女,硕士研究生,已婚,销售部,,30-34
E001276,51,女,本科,已婚,研发部,,40=<
E001277,37,男,专科,已婚,销售部,,35-39
E001278,46,男,硕士研究生,离异,研发部,,40=<
E001279,36,男,本科,已婚,研发部,,35-39
E001280,44,男,专科,离异,研发部,,40=<
E001281,37,男,专科,离异,人力资源部,,35-39
E001282,35,男,本科,单身,销售部,,35-39
E001283,33,男,硕士研究生,已婚,研发部,,30-34
E001284,28,男,本科,已婚,研发部,,25-29
E001285,39,男,专科以下,单身,研发部,,35-39
E001286,46,男,专科,单身,销售部,,40=<
E001287,40,女,专科,已婚,研发部,,40=<
E001288,42,男,本科,已婚,研发部,,40=<
E001289,35,男,专科,离异,研发部,,35-39
E001290,38,男,本科,离异,人力资源部,,35-39
E001291,34,男,硕士研究生,已婚,研发部,,30-34
E001292,37,男,硕士研究生,单身,研发部,,35-39
E001293,39,男,本科,离异,销售部,,35-39
E001294,43,男,本科,单身,研发部,,40=<
E001295,41,男,本科,单身,研发部,,40=<
E001296,41,女,专科以下,离异,销售部,,40=<
E001297,30,女,本科,单身,研发部,,30-34
E001298,26,女,专科,已婚,人力资源部,,25-29
E001299,46,女,专科,已婚,研发部,,40=<
E001300,40,女,本科,离异,研发部,,40=<
E001301,34,男,专科,已婚,销售部,,30-34
E001302,58,男,本科,离异,销售部,,40=<
E001303,35,男,硕士研究生,已婚,研发部,,35-39
E001304,47,女,本科,离异,研发部,,40=<
E001305,40,女,本科,离异,研发部,,40=<
E001306,54,女,硕士研究生,已婚,研发部,,40=<
E001307,31,女,硕士研究生,已婚,销售部,,30-34
E001308,28,女,本科,已婚,研发部,,25-29
E001309,38,女,硕士研究生,已婚,销售部,,35-39
E001310,26,男,本科,单身,销售部,,25-29
E001311,58,男,硕士研究生,已婚,研发部,,40=<
E001312,18,女,本科,单身,研发部,,18-24
E001313,31,男,博士研究生,已婚,人力资源部,,30-34
E001314,29,男,本科,离异,人力资源部,,25-29
E001315,45,女,硕士研究生,已婚,销售部,,40=<
E001316,36,女,硕士研究生,已婚,研发部,,35-39
E001317,43,男,硕士研究生,已婚,销售部,,40=<
E001318,27,女,专科,单身,研发部,,25-29
E001319,29,男,专科以下,已婚,研发部,,25-29
E001320,32,男,硕士研究生,单身,销售部,,30-34
E001321,42,男,硕士研究生,已婚,研发部,,40=<
E001322,47,女,硕士研究生,单身,研发部,,40=<
E001323,46,男,专科,离异,研发部,,40=<
E001324,28,男,专科,离异,人力资源部,,25-29
E001325,29,男,专科以下,离异,研发部,,25-29
E001326,42,男,本科,单身,研发部,,40=<
E001327,32,男,硕士研究生,单身,销售部,,30-34
E001328,46,女,本科,离异,销售部,,40=<
E001329,27,女,专科以下,已婚,销售部,,25-29
E001330,29,男,专科以下,已婚,人力资源部,,25-29
E001331,43,女,本科,已婚,研发部,,40=<
E001332,48,男,本科,已婚,研发部,,40=<
E001333,29,男,专科,单身,研发部,,25-29
E001334,46,女,本科,已婚,销售部,,40=<
E001335,27,女,本科,已婚,研发部,,25-29
E001336,39,男,硕士研究生,离异,研发部,,35-39
E001337,55,男,硕士研究生,已婚,研发部,,40=<
E001338,28,女,本科,已婚,销售部,,25-29
E001339,30,男,本科,单身,销售部,,30-34
E001340,22,男,专科以下,单身,研发部,,18-24
E001341,36,女,硕士研究生,已婚,销售部,,35-39
E001342,31,男,本科,离异,研发部,,30-34
E001343,34,男,本科,已婚,销售部,,30-34
E001344,29,男,本科,单身,研发部,,25-29
E001345,37,男,硕士研究生,已婚,研发部,,35-39
E001346,35,女,专科,已婚,研发部,,35-39
E001347,45,女,专科,已婚,研发部,,40=<
E001348,36,男,专科以下,单身,人力资源部,,35-39
E001349,40,男,硕士研究生,离异,研发部,,40=<
E001350,26,女,专科,已婚,研发部,,25-29
E001351,27,女,专科,单身,销售部,,25-29
E001352,48,女,本科,离异,研发部,,40=<
E001353,44,男,硕士研究生,已婚,研发部,,40=<
E001354,34,男,硕士研究生,已婚,研发部,,30-34
E001355,56,男,专科,单身,研发部,,40=<
E001356,36,男,专科,已婚,销售部,,35-39
E001357,41,女,本科,已婚,销售部,,40=<
E001358,42,男,本科,已婚,研发部,,40=<
E001359,31,女,专科,离异,销售部,,30-34
E001360,34,女,专科以下,已婚,销售部,,30-34
E001361,31,女,本科,离异,研发部,,30-34
E001362,26,男,本科,已婚,研发部,,25-29
E001363,45,男,硕士研究生,单身,研发部,,40=<
E001364,33,男,硕士研究生,单身,销售部,,30-34
E001365,28,男,专科,已婚,销售部,,25-29
E001366,29,男,本科,单身,销售部,,25-29
E001367,39,女,硕士研究生,已婚,销售部,,35-39
E001368,27,男,硕士研究生,已婚,研发部,,25-29
E001369,34,男,硕士研究生,已婚,研发部,,30-34
E001370,28,女,专科,单身,销售部,,25-29
E001371,47,男,硕士研究生,已婚,研发部,,40=<
E001372,56,女,博士研究生,已婚,销售部,,40=<
E001373,39,男,专科,已婚,研发部,,35-39
E001374,38,女,本科,离异,研发部,,35-39
E001375,58,女,本科,已婚,销售部,,40=<
E001376,32,女,专科,单身,研发部,,30-34
E001377,38,男,专科,离异,研发部,,35-39
E001378,49,男,专科以下,已婚,研发部,,40=<
E001379,42,男,硕士研究生,离异,销售部,,40=<
E001380,27,女,本科,已婚,人力资源部,,25-29
E001381,35,男,硕士研究生,已婚,销售部,,35-39
E001382,28,男,本科,单身,研发部,,25-29
E001383,31,男,专科,离异,研发部,,30-34
E001384,36,男,硕士研究生,已婚,研发部,,35-39
E001385,34,男,本科,单身,销售部,,30-34
E001386,34,男,硕士研究生,离异,销售部,,30-34
E001387,26,男,本科,单身,研发部,,25-29
E001388,29,男,本科,已婚,研发部,,25-29
E001389,32,女,硕士研究生,离异,研发部,,30-34
E001390,31,男,本科,已婚,研发部,,30-34
E001391,28,男,本科,离异,研发部,,25-29
E001392,38,男,本科,单身,销售部,,35-39
E001393,35,女,硕士研究生,已婚,销售部,,35-39
E001394,27,男,本科,单身,销售部,,25-29
E001395,32,男,硕士研究生,单身,研发部,,30-34
E001396,31,男,硕士研究生,已婚,销售部,,30-34
E001397,53,男,硕士研究生,单身,销售部,,40=<
E001398,54,女,专科,已婚,研发部,,40=<
E001399,33,男,专科,离异,研发部,,30-34
E001400,43,男,本科,已婚,研发部,,40=<
E001401,38,男,硕士研究生,已婚,人力资源部,,35-39
E001402,55,男,硕士研究生,已婚,人力资源部,,40=<
E001403,31,女,专科以下,离异,研发部,,30-34
E001404,39,男,硕士研究生,单身,销售部,,35-39
E001405,42,男,专科,单身,研发部,,40=<
E001406,31,女,本科,已婚,研发部,,30-34
E001407,54,女,本科,单身,研发部,,40=<
E001408,24,男,专科,单身,研发部,,18-24
E001409,23,男,专科,单身,研发部,,18-24
E001410,40,女,本科,已婚,研发部,,40=<
E001411,40,女,专科,已婚,销售部,,40=<
E001412,25,女,本科,已婚,人力资源部,,25-29
E001413,30,男,专科,已婚,研发部,,30-34
E001414,25,男,专科以下,离异,研发部,,25-29
E001415,47,男,本科,单身,研发部,,40=<
E001416,33,男,专科,离异,研发部,,30-34
E001417,38,男,硕士研究生,已婚,销售部,,35-39
E001418,31,男,专科,已婚,销售部,,30-34
E001419,38,男,硕士研究生,已婚,研发部,,35-39
E001420,42,男,硕士研究生,离异,研发部,,40=<
E001421,41,男,本科,已婚,研发部,,40=<
E001422,47,女,专科以下,已婚,研发部,,40=<
E001423,35,男,硕士研究生,已婚,研发部,,35-39
E001424,22,男,专科,单身,研发部,,18-24
E001425,35,男,硕士研究生,单身,研发部,,35-39
E001426,33,女,专科,已婚,研发部,,30-34
E001427,32,女,硕士研究生,单身,研发部,,30-34
E001428,40,男,硕士研究生,已婚,研发部,,40=<
E001429,32,男,硕士研究生,已婚,销售部,,30-34
E001430,39,男,专科以下,单身,研发部,,35-39
E001431,38,女,本科,已婚,研发部,,35-39
E001432,32,女,硕士研究生,已婚,销售部,,30-34
E001433,37,女,本科,已婚,研发部,,35-39
E001434,25,女,专科,离异,销售部,,25-29
E001435,52,男,硕士研究生,离异,销售部,,40=<
E001436,44,男,本科,单身,研发部,,40=<
E001437,21,男,专科以下,单身,销售部,,18-24
E001438,39,男,本科,单身,研发部,,35-39
E001439,23,男,本科,已婚,销售部,,18-24
E001440,36,女,本科,已婚,销售部,,35-39
E001441,36,女,专科,离异,研发部,,35-39
E001442,56,男,硕士研究生,离异,研发部,,40=<
E001443,29,男,硕士研究生,已婚,研发部,,25-29
E001444,42,男,本科,已婚,研发部,,40=<
E001445,56,男,专科,已婚,研发部,,40=<
E001446,41,女,硕士研究生,已婚,研发部,,40=<
E001447,34,女,本科,已婚,销售部,,30-34
E001448,36,男,硕士研究生,离异,销售部,,35-39
E001449,41,男,本科,离异,销售部,,40=<
E001450,32,男,本科,单身,研发部,,30-34
E001451,35,女,硕士研究生,单身,人力资源部,,35-39
E001452,38,女,专科,已婚,销售部,,35-39
E001453,50,男,硕士研究生,离异,销售部,,40=<
E001454,36,女,硕士研究生,已婚,销售部,,35-39
E001455,45,女,本科,单身,销售部,,40=<
E001456,40,男,硕士研究生,单身,研发部,,40=<
E001457,35,男,硕士研究生,已婚,研发部,,35-39
E001458,40,女,硕士研究生,已婚,研发部,,40=<
E001459,35,女,硕士研究生,已婚,研发部,,35-39
E001460,29,男,专科,已婚,研发部,,25-29
E001461,29,女,硕士研究生,单身,研发部,,25-29
E001462,50,男,本科,离异,销售部,,40=<
E001463,39,女,专科以下,已婚,销售部,,35-39
E001464,31,男,本科,单身,研发部,,30-34
E001465,26,女,本科,单身,销售部,,25-29
E001466,36,男,专科,已婚,研发部,,35-39
E001467,39,男,专科以下,已婚,研发部,,35-39
E001468,27,男,本科,已婚,研发部,,25-29
E001469,49,男,本科,已婚,销售部,,40=<
E001470,34,男,本科,已婚,研发部,,30-34
